:020000040800F2
:10000000B03B0020A1010008E13F00085D39000875
:10001000C53E000811090008BD49000800000000A5
:100020000000000000000000000000002541000862
:100030007109000800000000E13F000829410008A4
:10004000BB010008BB010008BB010008BB010008A0
:10005000BB010008BB010008BB010008BB01000890
:10006000BB010008BB010008BB010008BB01000880
:1000700029090008BB01000835090008BB01000878
:10008000410900084D090008BB010008BB01000838
:1000900011090008BB010008BB010008BB010008F2
:1000A000BB01000841410008BB010008BB0100087A
:1000B000BB010008BB010008BB010008BB01000830
:1000C000BB010008BB010008BB010008BB01000820
:1000D000BB010008F14600081148000891490008DA
:1000E000BB010008BB010008BB010008714100080A
:1000F0007D410008BB010008BB010008BB010008EE
:10010000BB010008BB0100084D410008BB0100080D
:10011000BB010008BB010008594100086541000807
:10012000BB0100085909000865090008BB01000867
:10013000BB0100080000000000000000BB01000837
:10014000BB0100081D090008BB010008BB01000835
:10015000BB010008BB010008BB0100089D49000865
:10016000BB010008BB010008BB010008BB0100087F
:10017000BB010008BB0100080000000000000000F7
:10018000BB010008BB010008DFF810D000F07CFBC9
:1001900000F05CF8004800473D7B0008B03B0020C1
:1001A0000648804706480047FEE7FEE7FEE7FEE711
:1001B000FEE7FEE7FEE7FEE7FEE7FEE72D4100086B
:1001C000890100082DE9F05F0546002092469B4614
:1001D00088460646814640241BE02846414647465D
:1001E000224600F06AFA53465A46C01A914110D38B
:1001F00011461846224600F051FA2D1A67EB010805
:100200004F4622460120002100F048FA17EB000972
:100210004E41201EA4F10104DFDC484631462A4647
:100220004346BDE8F09FD2B201E000F8012B491E21
:10023000FBD270470022F6E710B513460A46044683
:100240001946FFF7F0FF204610BD00007CB50748B7
:100250000090074801900546009C04E02046016894
:1002600008448047241DAC42F8D17CBD808D000835
:100270008C8D00082DE9FE4F804681EA0300C00FF7
:100280000C46009021F0004123F00045B8EB02003D
:10029000A94105D24046214690461C460B460246DF
:1002A00023F00040104347D0270DC7F30A00C3F3E3
:1002B0000A510290401A019040286BDAC3F31300F0
:1002C00040F4801B0098924620B10023D2EB030A31
:1002D00063EB0B0B01985946C0F14002504600F009
:1002E000DDF906460D4650465946019A00F0F5F9EB
:1002F00010EB08006141002487EA115284EAE77399
:100300001A4340D0009A62B3019A012A4FEA075279
:1003100015DC001B61EB02014FF0004202EA0752BC
:10032000CDE90042001C41F5801132462B4600F019
:100330002CFA03B0BDE8F08F40462146F9E7001BD8
:1003400061EB0201001C41F5801300185B4120188D
:10035000A2F5001747EB030140EAD570B6196D41CD
:1003600011E06D084FEA360645EAC0754FEA0752BC
:10037000001B61EB0201001C41F5801149084FEAA6
:1003800030000019514132462B4603B0BDE8F04F12
:1003900000F0ECB90098012240000023D0EB0202EB
:1003A00063EBE073009821464FEAE074B8EB00007D
:1003B00061EB0401E9E783F000435BE781F0004172
:1003C00058E72DE9FE4F81EA030404F0004421F0D0
:1003D000004100944FF0000B23F0004350EA010469
:1003E0005ED052EA03045BD0C3F30A54C1F30A554A
:1003F0002C44A4F2F3340194A0FB0254C1F3130182
:1004000041F48011C3F3130343F4801301FB02444E
:1004100000FB034E840A970A44EA815447EA835753
:10042000A4FB076802958D0A05FB07854FEA932C0C
:1004300004FB0C542705029D4FEA065847EA16377D
:10044000B5EB08056EEB070C870E920E47EA811795
:1004500042EA8312A7FB0201B6EB0B0164EB000436
:100460002B0D43EA0C335E1844EB1C50DA46514620
:10047000E7FB0201C5F313044FEA0B3343EA1453BD
:100480004FEA0432019C43EA0603A4F10C040294EF
:10049000009CCDE900B400F078F903B0BDE8F08F1E
:1004A00000200146F9E72DE9F04D81EA030404F04C
:1004B000004B21F0004514464FF0000A23F00041A4
:1004C00050EA050220D054EA01021DD0C5F30A57B4
:1004D0000246C5F31303C1F31300C1F30A5640F4F7
:1004E000801543F48013A7EB0608101BD64608F2CC
:1004F000FD3873EB050002D308F1010801E0921802
:100500005B41B8F1000F03DA00200146BDE8F08D31
:1005100000204FF48011064684460EE0171B73EB53
:10052000050705D3121B63EB050306434CEA010CD8
:1005300049084FEA300092185B4150EA0107EDD1BB
:1005400052EA030012D082EA040083EA050108435C
:1005500005D0101BAB4106D20122002306E0002289
:100560004FF0004302E06FF0010253101AEB060057
:100570004CEB085110EB0A0041EB0B01BDE8F04DCC
:1005800000F0F4B830B5041E71F1000404DB4FF044
:100590000044404264EB0101141E73F1000405DBCA
:1005A0001C464FF00043524263EB0403801A99410A
:1005B00001D3012030BD002030BD30B5041E71F1E3
:1005C000000404DB4FF00044404264EB0101141EC0
:1005D00073F1000405DB1C464FF00043524263EB0D
:1005E0000403101A8B4101D3012030BD002030BD1F
:1005F0000EB5C10F80EAE0700844CA07002140F23E
:1006000033438DE80E000A460B4600F0BEF803B0F7
:1006100000BD00F0004230F000400AD0C10D01F5ED
:100620006071C0F3160042EA0151C208400711434D
:10063000704700200146704701F0004330B421F0BC
:10064000004150EA010206D00A0DA2F56072C1F322
:100650001301002A02DC30BC00207047440F44EA3A
:10066000C104C100E01830BC00EBC25000F047B834
:1006700030B50B46014600202022012409E021FA72
:1006800002F59D4205D303FA02F5491B04FA02F56F
:100690002844151EA2F10102F1DC30BD202A04DB42
:1006A000203A00FA02F1002070479140C2F1200385
:1006B00020FA03F3194390407047202A04DB203AC4
:1006C00021FA02F00021704721FA02F3D040C2F172
:1006D00020029140084319467047202A06DBCB17B9
:1006E000203A41FA02F043EAE07306E041FA02F3ED
:1006F000D040C2F1200291400843194670470029BA
:10070000A8BF7047401C490008BF20F00100704797
:1007100010B4B0FA80FC00FA0CF050EA010404BFF7
:1007200010BC704749B1CCF1200421FA04F411FA4D
:100730000CF118BF012121430843A3EB0C01CB1D91
:100740004FEA00614FEA102042BF002010BC704702
:1007500000EBC35010440029A4BF10BC7047401CDC
:10076000490008BF20F0010010BC704710B5141EEE
:1007700073F1000408DA401C41F1000192185B415A
:100780001A4301D120F0010010BD2DE9F04D924631
:100790009B4611B1B1FA81F202E0B0FA80F2203248
:1007A0009046FFF77BFF04460F4640EA0A0041EA05
:1007B0000B0153465A46084313D0114653EA010031
:1007C00019D0C8F140025046FFF777FF05460E46A4
:1007D000504659464246FFF761FF084305D00120C5
:1007E00004E020463946BDE8F08D0020054346EA86
:1007F000E0762C4337430A986305E40AA0EB08002F
:100800000022FD0A44EA47540A3002D5002001467E
:10081000E9E7010510196941DDE908450019694159
:10082000BDE8F04DA2E7C1F30A52C1F3130140F253
:10083000FF3341F480119A4202DA002001467047EA
:1008400040F233439A42A2F2334202DC5242FFF7B3
:1008500034BFFFF723BF000030B5041E71F1000460
:1008600004DB4FF00044404264EB0101141E73F1BD
:10087000000405DB1C464FF00043524263EB0403C7
:10088000994208BF904230BD1CB509480090094804
:1008900001900546009C06E0E06840F0010394E802
:1008A000070098471034AC42F6D3FFF771FC000004
:1008B000608D0008808D000870B58C1810F8015B01
:1008C00015F0070301D110F8013B2A1106D110F8E9
:1008D000012B03E010F8016B01F8016B5B1EF9D1ED
:1008E0002B0705D40023521E0DD401F8013BFAE773
:1008F00010F8013BCB1A921C03E013F8015B01F8DE
:10090000015B521EF9D5A142D8D3002070BD000072
:1009100040F67850C2F2000000F07EBA40F6A050D7
:10092000C2F2000000F078BA40F6E860C2F20000BF
:1009300000F0F0BD40F64870C2F2000000F0EABDE1
:1009400040F62860C2F2000000F0E4BD40F6886086
:10095000C2F2000000F0DEBD40F6A870C2F2000056
:1009600000F0D8BD40F6C850C2F2000000F0D2BD81
:100970007047000072B600000178662940F0D5800B
:10098000017F112918BF704710B5427840F6304EEC
:10099000C2F2000E40F2241C8EF80020C2F2000CBD
:1009A0009CED7A1A831C0022995C0EEB0204013242
:1009B000042A2171F8D19EED012A9FED5C0AB4EE64
:1009C000402AF1EE10FA08DC9EED012A9FED583A1C
:1009D000B4EE432AF1EE10FA02DA8EED011A01E0CC
:1009E0009EED011A831D0022995C0EEB0204013278
:1009F000042A2172F8D19EED021AB4EE401AF1EEEB
:100A000010FA08DC9EED021A9FED492AB4EE421A54
:100A1000F1EE10FA03DA0021CEF8081001E09EEDA5
:100A2000021A00F10A030022995C0EEB0204013263
:100A3000042A2173F8D19EED031AB4EE401AF1EEA8
:100A400010FA08DC9EED031A9FED392AB4EE421A23
:100A5000F1EE10FA03DA0021CEF80C1001E09EED61
:100A6000031A9CED791A00F10E020023D15C0EEB03
:100A700003040133042B2174F8D19EED042AB4EE53
:100A8000402AF1EE10FA08DC9EED042A9FED283A88
:100A9000B4EE432AF1EE10FA02DA8EED041A01E008
:100AA0009EED041A00F11202002300BFD15C0EEB90
:100AB00003040133042B2175F8D19EED051AB4EE21
:100AC000401AF1EE10FA08DC9EED051A9FED182A87
:100AD000B4EE421AF1EE10FA03DA0021CEF8141047
:100AE00001E09EED051A1630002200BF815C0EEB7E
:100AF00002030132042A1976F8D19EED061AB4EEEB
:100B0000401AF1EE10FA08DC9EED060A9FED081A75
:100B1000B4EE410AF1EE10FA03DA0020CEF8180024
:100B200001E09EED060ABDE8104070470000B443A6
:100B30000000B4C390F82020013A012A04D80068CC
:100B400000F11402002004E000F1240201204FF41F
:100B500080211368194311607047000010B590F8A8
:100B600020E0D0F800C0AEF1010EBEF1010FDCF8BC
:100B700008E010D81EF0E05F13D0CEF3016E012024
:100B800000FA0EF018608B688BB14868CC6844EAB4
:100B9000C00003430FE000F1240101204FF4802244
:100BA00023E000F1240101204FF400121DE0086849
:100BB000CB6843EA40530CEB0E10C0F880310B6950
:100BC000C0F88431097D012905D100F5C2710B6897
:100BD00043F480730B605168C0F88C11126800F503
:100BE000C071C0F88821002001220B681A430A60F6
:100BF00010BD000090F82020013A012A30D8B0B58D
:100C000046F20060C4F20000026842F00102026095
:100C1000026822F47C520260D1F814E0CC694A6A7E
:100C20000368012C43EA022202600EF01F024FF01B
:100C3000010303FA02F2C3696FEA020C23EA02031A
:100C4000C36113D02CBBC36803EA0C03C360CB6839
:100C50008C8844EA034300EBCE0423640B4611E086
:100C6000416A41F48021416201207047C368134307
:100C7000C3600B688C8844EA034300EBCE04236412
:100C800001F10C038C681B8843EA044300EBCE049B
:100C9000636443688D6943EA0204D1F810E0096A8D
:100CA000002D08BF03EA0C0444604369BEF1000F45
:100CB00043EA020408BF03EA0C040129446102D19B
:100CC000C1691143C161016821F001010160002087
:100CD000B0BD00007047000010B590F82040013C06
:100CE000012C75D8046800290CBFE4682469A407A6
:100CF00074D0046804EB011CDCF8B0410CF5D87E1C
:100D000014F004049460DCF8B04119BFE4085460A6
:100D1000640D1460DEF800400CF5DA7E04F0020485
:100D2000D460DCF8B44124075ABFDEF8004004F078
:100D30000F0408241461DEF800400029C4F30724DE
:100D40009461DEF800404FEA14445461DCF8B821A5
:100D50001A70026802EB0112D2F8B8214FEA12228F
:100D60005A70026802EB0112D2F8B8214FEA12421F
:100D70009A70026802EB0112D2F8B8214FEA1262AF
:100D8000DA70026802EB0112D2F8BC211A71026813
:100D900002EB0112D2F8BC214FEA12225A7102680A
:100DA00002EB0112D2F8BC214FEA12429A7102689A
:100DB00002EB0112D2F8BC214FEA1262DA7100682C
:100DC0000CBF00F10C0100F11001002020220AE00C
:100DD00000F1240101204FF4802204E000F12401FD
:100DE00001204FF400120B681A430A6010BD000086
:100DF00090F820100139012984BF00207047006855
:100E0000816882688068C1F38061C2F3C062114466
:100E1000C0F30070084470472DE9F04F81B00446DC
:100E200000684669D0F804908768D0F80CB0D0F814
:100E300010A0D0F81880F10703D1002530071CD48A
:100E400023E0F90710D00121BA07816009D478079F
:100E500000F1AA80380700F1B080204600F0FAFACD
:100E600002E0204600F0F8FA0025F80500F1848041
:100E7000F80300F1AA80300707D51BF0100004D05A
:100E8000206845F400751021C160700708D51BF07B
:100E9000080005D020680821C160204600F0E6F96E
:100EA000B00706D52068C068800702D0204600F051
:100EB000DFF9700607D51AF0100004D0206845F459
:100EC000806510210161B00608D51AF0080005D030
:100ED000206808210161204600F01AFAF00606D5C4
:100EE00020680069800702D0204600F013FAB003A2
:100EF00008D519F0100005D0206810214160204667
:100F000000F078FAF00308D519F0080005D0206841
:100F100008214160204600F0A9FA300440F18F809A
:100F20005FEA497040F1888006F4807008EA10207A
:100F300028435FEA8871014648BF41F00201B205CB
:100F400058BF01465FEA48700D4648BF45F00405AA
:100F5000700558BF0D4630056ED518F070006BD087
:100F600010380009052862D8DFE800F0035356590D
:100F70005C5F45F008055AE020684FF48071BA05BF
:100F800081600AD4780512D4380519D4204600F0BF
:100F900065FAF8037FF56FAF17E0204600F060FABE
:100FA000F8037FF568AF10E04FF400655DE705F5E5
:100FB0000055F8037FF55FAF07E04FF4805554E725
:100FC00005F58045F8037FF556AF20684FF4803172
:100FD000BA0381600AD478030FD4380313D42046AF
:100FE00000F040FA30073FF548AF4EE7204600F0EA
:100FF0003BFA30073FF541AF47E705F500453007BD
:101000003FF53BAF41E705F5803530073FF535AF9C
:101010003BE745F010050AE045F0200507E045F004
:10102000400504E045F0800501E045F48075206846
:10103000816921F0700181612068042141604DB116
:10104000606A40EA05012046616201B0BDE8F04FE8
:10105000FFF740BE01B0BDE8F08F0000002804BFDC
:1010600001207047B0B5044690F8200010B9204622
:1010700000F06EF82068016841F00101016000F0A5
:10108000E5FC054620684168C90705D100F0DEFC93
:10109000401B0B28F6D310E0016821F0020101602B
:1010A00000F0D4FC054600BF2068416889070DD5D3
:1010B00000F0CCFC401B0B28F6D3606A052140F4FD
:1010C00000306062012084F82010B0BD217E0268EB
:1010D000012922F0800208BF80320260617E02682E
:1010E000012922F0400208BF40320260A17E02685E
:1010F000012922F0200208BF20320260E17E02684E
:10110000012922F0100218BF10320260217F02680C
:10111000012922F0080208BF08320260617F0268DC
:10112000012922F0040208BF04320260D4E901C29E
:10113000D4E9033561691A432A431143ACF1010232
:101140001143C16100200121606284F82010B0BD0C
:1011500010B586B0006846F60002C4F20002002115
:101160009042CDE90411CDE90211019131D046F24E
:101170000041C4F20001884276D140F2AC61C2F273
:1011800000010A6843F64000C4F20200531C0B60E1
:1011900052B900210091016841F0007101600168BD
:1011A00001F00071009100990021009150F8101C8D
:1011B000142441F0010140F8101C50F8100C4FF4B9
:1011C000C05100F00100009000980020C4F202001D
:1011D00036E043F64000C4F202000091016841F09D
:1011E00080610160016801F080610091009940F226
:1011F000AC61C2F200010A68531C0B6052B90021B5
:101200000091016841F000710160016801F0007116
:10121000009100990021009150F8101C412441F0E8
:10122000020140F8101C50F8100C4FF4405100F02F
:101230000200009000980020C4F2020000F58060D7
:1012400001910221029100210391032104910921BE
:10125000059101A900F028FB20460021002200F0A2
:1012600079FC204600F066FC06B010BD7047000017
:1012700080B582B040F20C0040F67851C2F2000016
:10128000C2F2000106F000FB08B102B080BD40F2DE
:10129000B400C2F2000006F0EBF988B941F27430F4
:1012A00041F26831C2F20000C2F200010068097820
:1012B00005F0CAF840F62840C2F2000080ED000AAE
:1012C00041F26C30C2F20000006804F05DFE90ED67
:1012D000000A40F6402190ED011AC2F20001BDEE75
:1012E000C00A086010EE102ABDEEC10A40F20C00E0
:1012F00010EE103A4FF0000CC2F200004FF40071F3
:10130000CDF800C0CDF804C006F0CAFA02B080BD26
:101310007047000080B582B040F2600040F6A051F6
:10132000C2F20000C2F2000106F0AEFA08B102B04B
:1013300080BD40F21440C2F2000006F013FA28BB50
:1013400041F2A83041F26831C2F20000C2F200015D
:101350000068097804F07CFF40F6F840C2F2000013
:1013600080ED000AB1EE400ABDEEC00A40F2600016
:1013700010EE10CA4FF0000EC2F200004FF4FF71E1
:1013800000220023CDE900EC06F08AFA40F2B430E6
:10139000C2F2000006F0E6F90028C8D140F65C5021
:1013A00040F65E4141F26832C2F20000C2F2000132
:1013B000C2F2000200680978127803F0E9FF40F2F7
:1013C000A060C2F2000080ED000ABDEEC00A40F24B
:1013D000600010EE10CA4FF0000EC2F200004FF491
:1013E000007100220023CDE900EC06F059FA02B0AA
:1013F00080BD000070470000B0B5044690F82000A2
:1014000001281DD1022084F820002068016821F005
:101410000101016000F01AFB054600BF206840682A
:10142000C00713D000F012FB401B0B28F6D3606AF4
:1014300040F400306062052084F820000120B0BD37
:10144000606A40F4002060620120B0BD002060624C
:10145000B0BD0000704700007047000070470000FA
:1014600070470000704700007047000070470000A0
:1014700070B5866D044600F0E9FA94F8351002293B
:1014800025D105462068216C026822F01602026010
:10149000426922F08002426109B9A16C19B1016868
:1014A00021F008010160016821F00101016000BF25
:1014B00020680068C0070ED000F0C8FA401B06285C
:1014C000F6D320206065032084F835000CE08020EE
:1014D0006065012008E0E06D3F2101FA00F0B06096
:1014E000012084F835000020002184F8341070BDFC
:1014F00090F83510022909D1052180F835100068CF
:10150000016821F0010101600020704780214165E0
:1015100001207047F0B581B004460020009040F2F1
:101520006C40C2F200000268D4E9166048F2B513BC
:1015300037680821C1F64E3381403942A2FB0325AA
:101540000CD0226813685B0708D5136823F00403E6
:101550001360B160616D41F001016165012181405D
:10156000394208D022685269120604D5B160616D13
:1015700041F00201616504218140394208D02268AE
:101580001268920704D5B160616D41F00401616594
:1015900010218140394215D020680268120711D508
:1015A000B16002680168520306D4C90506D4016817
:1015B00021F00801016001E008033ED4216C09B16B
:1015C00020468847E16D202000FA01F23A4240D0DF
:1015D00020680368DB063CD5B26094F835300268B9
:1015E000052B1AD122F016020260426922F0800215
:1015F0004261226C0AB9A26C1AB1026822F0080298
:1016000002603F208840B060012084F83500216DE1
:10161000002084F83400D9BB3FE00168520310D4A5
:10162000C90512D4016821F010010160012084F87D
:101630003500002084F8340007E0A16C0029BFD1F8
:10164000C0E7080301D4616C00E0E16B09B12046FA
:101650008847606D08B3606DC00717D0052084F817
:1016600035002068A90A026822F00102026000BF6A
:10167000009A01328A42009202D80268D207F7D15A
:10168000012084F83500002084F83400E16C21B199
:10169000204601B0BDE8F040084701B0F0BD0000B1
:1016A0002DE9F041044600F0D1F9C4B1054602200D
:1016B00084F835000020216884F83400086820F0A0
:1016C0000100086020680168C9070BD000F0BEF96E
:1016D000401B0528F6D90321202203207AE00120AF
:1016E000BDE8F081016848F23F02CFF21002D4E970
:1016F000013501EA020ED4E9032143EA0E032B432C
:10170000D4E9056C1A43D4E907781143314341EA1F
:101710000702616A42EA0802042942EA0C0303D183
:10172000D4E90B273A43134303604269042922F0AA
:10173000070241EA02012DD1D4E90A5341EA050129
:1017400043B3BCF5005F08D0BCF1000F12D1022DED
:1017500016D0012D07D09DB119E0032D17D8DFE871
:1017600005F00B0F0B02A3F1C072B2FA82F252091C
:101770004AB90FE0032D02D2012222B90AE006D1B4
:10178000C3F3006232B101214022012022E0002295
:10179000002AF8D100F0F8024AF6AB23103ACAF654
:1017A000AA23A2FB033748F6425341613909C0F628
:1017B0000003595C40F2FF3398435F2A4FF03F0229
:1017C00088BF0430C4E9160102FA01F181600022E9
:1017D00001210020626584F83510BDE8F081000029
:1017E00090F834C0BCF1010F04BF0220704770B5FF
:1017F0004FF0010C80F834C0D0F858E090F835C0B4
:10180000BCF1010F37D14FF0020C80F835C04FF01A
:10181000000CC0F854C0D0F800C08468056CC06DDE
:10182000DCF80060402C26F48026CCF80060CCF870
:1018300004300B4604BF13460A463F2101FA00F06C
:10184000CCF80830CCF80C20CEF80800DCF800000A
:1018500040F01600CCF800002DB1DCF8000040F09C
:101860000800CCF80000DCF8000040F00100CCF8E3
:101870000000002070BD002180F83410022070BDEF
:10188000B0B5044600F0E2F8054640F28060C2F2CE
:1018900000000078611C18BF044400BF00F0D6F8B7
:1018A000401BA042FAD3B0BD2DE9F04F82B000F149
:1018B0003E4707F1FF77860546EA972741F600463F
:1018C000C4F202060822B04208BF0722072F38BF21
:1018D0003A46002400274FF00009009209E000BFBB
:1018E00009F101090237B9F1100F04F1040400F005
:1018F000A4800D68012202FA09FC15EA0C08EFD059
:10190000D1F804B00BF0030AAAF10105012D12D899
:101910000322856802FA07FECA6825EA0E05BA4066
:101920002A4382604268CBF3001522EA0C0205FAD2
:1019300009F52A434260BAF1030F1CD0C2680323A1
:101940008E6803FA07F5AA43BE403243BAF1020F8C
:10195000C26010D16FF0030202EA59020244D2F8C9
:1019600020C004F01C050F230E69AB402CEA0303D2
:10197000AE4033431362026803234E68BB409A4370
:1019800006F00303BB401A4316F4403F0260A7D0A1
:10199000002243F644030192C4F202031A6843F69C
:1019A000004E42F480421A601A68C4F2010E02F43A
:1019B00080420192019A29F003024FF6084C7244CA
:1019C000CFF6FF7C52F80C3004F00C060F25B54022
:1019D000AB43009D05FA06F6334342F80C30DEF8BF
:1019E00008204B6842EA080643F60C4CDD0258BF5B
:1019F00022EA0806CEF80860C4F2010CDCF80020E8
:101A00009D0242EA080658BF22EA0806CCF80060A8
:101A1000DEF804209D0342EA080658BF22EA0806C1
:101A2000CEF80460DEF80020DB0342EA080658BF67
:101A300022EA0806CEF8006052E702B0BDE8F08F57
:101A4000002A08BF090481617047000041F2A430F8
:101A5000C2F200000068704740F2806041F2A43199
:101A6000C2F20000C2F2000100780A681044086067
:101A70007047000080B543F60040C4F202000168E0
:101A800041F400710160016841F480610160016806
:101A900041F480710160032000F088F80F2000F00D
:101AA00005F800F02BF8002080BD0000B0B540F232
:101AB0008062C2F2000240F26C411278C2F2000170
:101AC0004FF47A730968B3FBF2F20446B1FBF2F10A
:101AD000084600F099FE0F2C4FF001050CD858B9BC
:101AE0004FF0FF3021460022002500F033F840F28D
:101AF0008460C2F2000004602846B0BD82B00020BD
:101B000043F640010190C4F202014A6842F4804267
:101B10004A604A6802F480420192019A0090086883
:101B200040F080500860086800F0805000900098F5
:101B300002B07047002848BF704700F01F01012223
:101B400002FA01F14EF200124009CEF2000242F810
:101B50002010704710B54EF60C5CCEF2000CDCF88D
:101B60000030C3F3022E8EF00704042C28BF042497
:101B7000BEF103034FF0FF3E0EFA04F438BF00231A
:101B8000A14399400EFA03F39A43114300F16042D6
:101B900000F00F03090102F56442043B634400288E
:101BA00048BF03F10C02117010BD00004EF60C513D
:101BB000CEF200010A684FF6FF031A4060F30A22D2
:101BC00042F0806040F0FD7008607047002804BF5C
:101BD000012070472DE9F04143F60808C4F20208DD
:101BE0000446D8F8F8030D4600F00700884207D2F3
:101BF00088F8F853D8F8F80300F00700A84276D127
:101C00002068810717D5410705D5D8F8001041F4A1
:101C1000E051C8F80010010705D5D8F8001041F4CC
:101C20006041C8F80010D8F80010A26821F0F00157
:101C30001143C8F80010C0073FD1D8F8F80300F0EE
:101C40000700A84207D988F8F853D8F8F80300F03D
:101C50000700A8424BD12068410707D5D8F80010EB
:101C6000E26821F4E0511143C8F80010000708D5DC
:101C7000D8F80000216920F4604040EAC100C8F8AB
:101C8000000000F07BF8D8F8001048F62A32C1F3C3
:101C90000311C0F60002515C40F26C4220FA01F1DF
:101CA00040F28460C2F200000068C2F200021160DB
:101CB000FFF7FCFE0020BDE8F0816068811E02296C
:101CC00007D258F8081C89015CBF0120BDE8F081EB
:101CD00010E0012807D158F8081C89035CBF0120D7
:101CE000BDE8F08106E058F8081C890702D40120FD
:101CF000BDE8F081D8F8001021F003010843C8F8CE
:101D00000000FFF7A3FE064641F28837D8F800002E
:101D1000616800F00C00B0EB810F8ED0FFF796FEEB
:101D2000801BB842F2D90320BDE8F08140F26C403C
:101D300043F60801C2F20000C4F20201006809681B
:101D400048F63A32C1F38221C0F60002515CC84025
:101D50007047000040F26C4043F60801C2F20000F8
:101D6000C4F202010068096848F63A32C1F3423110
:101D7000C0F60002515CC8407047000010B543F641
:101D80000404C4F20204606800F00C0008280AD0C1
:101D9000042819BF42F20040C0F2F40047F64000A8
:101DA000C0F27D1010BD206821682368490247F603
:101DB0004001C0F27D1100F03F02C3F388105CBF08
:101DC00042F20041C0F2F401A1FB00010023FEF742
:101DD000F9F921680222C1F3014102EB4101B0FB94
:101DE000F1F010BD002804BF012070472DE9F0413B
:101DF00082B00446007843F60006C007C4F202062B
:101E000047D0B06800F00C00042808D13068800387
:101E10003FD56068E8BB012002B0BDE8F081B06842
:101E200000F00C00082802D170684002EED465680A
:101E3000B5F5A02F0AD0B5F5803F0BD0306820F45F
:101E400080303060306820F4802006E0306840F454
:101E500080203060306840F480303060FFF7F6FD5D
:101E6000002D054612D000BF3068800311D4FFF763
:101E7000EDFD401B6428F7D926E100BFFFF7E6FD22
:101E8000401B64284FF0030000F2E28030688003BA
:101E9000F4D4207880071BD5B06810F00C0F09D05F
:101EA000B06800F00C00082840F08780706840029D
:101EB00000F183803068800703D5E068012840F096
:101EC0009E803068216920F0F80040EAC10030604F
:101ED0002078000735D42078400748D4A56965B339
:101EE000B06800F00C00082840F09E80012D00F042
:101EF00086807068E16900F480028A4240F07F8049
:101F0000216A00F03F028A4279D147F6C071626AC5
:101F10000140B1EB821F72D1A16A4FF6FF73C90372
:101F2000994300F44032A1F580318A4267D1E16AD9
:101F300000F07060B0EB016F61D1002002B0BDE82D
:101F4000F0816069002840F20000C4F247205AD0B6
:101F50000121C0F8801EFFF779FD0546706F8007EC
:101F6000B9D4FFF773FD401B0228F7D9ACE0306C01
:101F70005FEAC0080AD400200190306C40F0805025
:101F80003064306C00F080500190019847F20007F7
:101F9000C4F200073868C00524D4386840F4807063
:101FA0003860FFF753FD05463868C0051AD4FFF7BF
:101FB0004DFD401B0228F7D986E0E068002857D085
:101FC0000020C4F2472001210160FFF73FFD0546D4
:101FD000306880073FF575AFFFF738FD401B0228DA
:101FE000F6D971E0A568052D56D0012D58D0306F77
:101FF00020F001003067306F20F0040053E0012032
:1020000002B0BDE8F0810021C0F8801EFFF71EFD80
:10201000054600BF706F80077FF55DAFFFF716FDC7
:10202000401B0228F6D94FE00027C4F247270020C2
:102030003866FFF70BFD022D05460DD13068800193
:1020400059D5FFF703FD401B02284FF00300F5D9D7
:1020500002B0BDE8F08100BF306880017FF56DAF50
:10206000FFF7F4FC401B02284FF00300F4D9EFE720
:102070000020C4F2472000210160FFF7E7FC05467D
:10208000306880077FF524AFFFF7E0FC401B022893
:102090004FF00300F4D9DBE7306F40F00400306705
:1020A000306F40F001003067FFF7D0FC002D05468F
:1020B00041F2883713D000BF306F800712D4FFF78A
:1020C000C5FC401BB842F7D9032002B0BDE8F0813F
:1020D000FFF7BCFC401BB8424FF00300B8D8306F8C
:1020E0008007F5D4B8F1000F3FF5F8AE306C20F062
:1020F00080503064F2E604F11C052FCD084340EA1D
:102100008210D9034FF6FF729143A1F5803140EA66
:1021100005600843706001203866FFF797FC0446AD
:10212000306880013FF509AFFFF790FC001B0228E3
:102130004FF00300F4D98BE770B538B10446406A1C
:1021400030B10020206104F1140007E0012070BDCF
:102150006068B0F5827F03D004F11C0000210160AB
:102160000026A66294F8510020B9204684F85060F9
:1021700000F03CF8022084F8510094E80F0001F4CC
:102180008271056802F4044225F04005056011449F
:1021900003F400622369114403F0020263691144ED
:1021A00003F00102A369E569114403F400721144CC
:1021B00005F03802256A114405F08002A56A114332
:1021C00005F4005211430160626A042101EA1341DF
:1021D00002F0100211444160C16921F40061C16143
:1021E0000120666584F85100304670BD80B586B028
:1021F00043F200010068C4F2010100228842059206
:10220000CDE903220292019201D006B080BD43F6CF
:1022100030000092C4F20200436943F480534361EA
:10222000436903F480530093009B0092036843F0DA
:1022300001030360006800F0010000900098E020B6
:1022400001900220CDE902020320049005200590B0
:1022500001F5504001A9FFF727FB06B080BD000043
:102260002DE9F04182B0044690F85100012817D1C1
:102270000E4600294FF0010000F0A0801746002A0A
:1022800000F09C8060681D46B0F5827F02D1A06896
:1022900000284FD0FFF7DAFB94F85010012903D142
:1022A000022002B0BDE8F0818046012084F8500091
:1022B000042084F8510000206065A663A787E787A3
:1022C0002063A086E086A1682064B1F5004F6064B9
:1022D00008D12068016821F040010160016821F403
:1022E0008041016020680168490603D4016841F01B
:1022F00040010160E168E08F49B300284BD06E1CBB
:102300000BE000BFC068A16B21F8020BA163E08F56
:102310000138E087E08F00283DD020688168C90738
:10232000F0D1FFF793FB002EF4D0A0EB0800A842F9
:10233000F0D326E0042084F851002046314632468E
:102340003B46009500F034F902B0BDE8F08110B3CF
:102350006E1C0AE0007BA16B0870A06B0130A063CB
:10236000E08F0138E087E08FA8B120688168C90755
:10237000F0D1FFF76BFB002EF5D0A0EB0800A842D0
:10238000F1D3012084F85100002084F8500003208C
:1023900002B0BDE8F08120462946424601F022FE07
:1023A00000281CBF20206065012084F85100002017
:1023B00084F85000606D002818BF012002B0BDE80D
:1023C000F08100002DE9F04184B01D4616460F460D
:1023D0000446FFF73BFB94F8511001290DD18046CC
:1023E000002F4FF0010018BF002E02D104B0BDE84D
:1023F000F08194F85000012803D1022004B0BDE818
:10240000F081012084F85000032084F8510000205E
:1024100060652763A686E686A063A087E087A1683B
:10242000C4E91000B1F5004F08D12068016821F01F
:1024300040010160016841F4804101602068016849
:10244000490603D4016841F0400101606168731ED0
:10245000E268B1FA81F1B3FA83F349095B09B2F595
:10246000006F41EA030124D131B137F8021BC1608A
:102470002763E08E0138E086E08E002847D06E1C8E
:102480000AE000BF216B31F8022BC2602163E08EAD
:102490000138E086E08ED0B3206881688907F1D4E6
:1024A000FFF7D4FA002EF5D0A0EB0800A842F1D334
:1024B00023E039B139780173206B01302063E08E5D
:1024C0000138E086E08E10B36E1C0AE0216B0978BB
:1024D0000173206B01302063E08E0138E086E08ECE
:1024E000A8B1206881688907F0D4FFF7AFFA002E01
:1024F000F5D0A0EB0800A842F1D3012084F85100E8
:10250000002084F85000032004B0BDE8F08120468C
:10251000022101222B46CDF8008001F093FDE0B1AD
:10252000606D40F02000606520206065A06838B9CB
:10253000002002902068C168029180680290029891
:10254000012084F85100002084F85000606D0028BC
:1025500018BF012004B0BDE8F08140F26C40C2F227
:102560000000006849F68171C1F25E61A0FB0101C3
:10257000480D4FF47A71484303906068B0F5827F4C
:102580000AD12046802100222B46CDF8008001F0A0
:1025900059FD0028C4D1C9E703980028C6D0039884
:1025A00001380390206880680006F5D4BEE700007B
:1025B0002DE9F04383B01E4615460F460446FFF74B
:1025C00045FA94F851108146012908D1002F4FF0A7
:1025D000010018BF002D0ED103B0BDE8F083606884
:1025E000B0F5827F0DD104294FF00200F4D1A1682B
:1025F0000029EBD0F0E7002EEED094F8500001282F
:1026000003D1022003B0BDE8F083012084F850001C
:1026100094F85100002104281CBF052084F85100C3
:102620006165A563E687A6872763E6862068A68698
:10263000216461640168490603D4016841F04001E6
:1026400001606168731EE268B1FA81F1B3FA83F345
:10265000DDF8288049095B09B2F5006F41EA030102
:1026600037D131B137F8021BC1602763E08E0138E2
:10267000E086012608F10105E08E10B9E08F002800
:102680006CD02068816889070CD5E18E51B1012E8C
:1026900008D1216B002631F8022BC2602163E18E44
:1026A0000139E1868168C9070AD0E18F41B1C0686C
:1026B000A16B012621F8020BA163E08F0138E087AE
:1026C000FFF7C4F9002DD7D0A0EB09004045D3D3C4
:1026D0003AE039B139780173206B01302063E08E24
:1026E0000138E086012608F1010500BFE08E08B937
:1026F000E08F98B32068816889070DD5E18E59B1C4
:10270000012E09D1216B002609780173206B01305D
:102710002063E08E0138E08620688168C9070BD00D
:10272000E18F49B1C068A16B01260870A06B013030
:10273000A063E08F0138E087FFF788F9002DD5D03E
:10274000A0EB09004045D1D3012084F851000020BE
:1027500084F85000032003B0BDE8F0832046022136
:1027600001224346CDF8009001F06CFC60B1606D31
:1027700040F02000606520206065002084F8500053
:10278000012003B0BDE8F08340F26C40C2F20000CB
:10279000006849F68171C1F25E61A0FB0101480D3C
:1027A0004FF47A71484302906068B0F5827F0AD195
:1027B0002046802100224346CDF8009001F042FCE3
:1027C0000028D4D108E0029830B102980138029074
:1027D000206880680006F6D4A06838B9002001900F
:1027E0002068C1680191806801900198012084F8F7
:1027F0005100002084F85000606D002818BF0120AF
:1028000003B0BDE8F0830000411E0020B0EB116F63
:102810001CBF012070474EF21002CEF20002516040
:102820004EF62351CEF20001F0230B700721906089
:1028300011607047704700007047000090F83C201E
:10284000012A4FF0020255D010B5012380F83C3028
:1028500080F83D200268D2F804E0D2F808C00C6885
:102860002EF07003234341F2FF74C4F20004A2422D
:1028700053600DDC40F2FF73C4F200039A4215DC92
:10288000B2F1804F29D040F20043C4F2000322E0AD
:1028900040F2FF33C4F201039A4212DC41F6000316
:1028A000C4F200039A4218D0002312E040F600035D
:1028B000C4F200039A4210D040F60043C4F2000371
:1028C00009E044F20003C4F201039A4205D040F249
:1028D0000043C4F201039A4204D149682CF08003FA
:1028E000194391600121002280F83D1080F83C20BE
:1028F000BDE8104010467047002804BF0120704713
:1029000010B5044690F83D0028B9002084F83C003A
:10291000204600F01FF8022084F83D002068211DA9
:1029200001F032FC012084F8460084F83E0084F86F
:102930003F0084F8400084F8410084F8420084F8A5
:10294000430084F8440084F8450084F83D000020EA
:1029500010BD000010B582B0006841F2FF31C4F232
:10296000000188421FDD41F20041C4F200018842AB
:1029700034D040F20041C4F2010188423DD0002130
:10298000C4F2010188426CD10020019043F640005E
:10299000C4F202004168192441F00101416040681D
:1029A00000F0010050E040F60041C4F2000188420E
:1029B0003CD041F20001C4F20001884251D1002014
:1029C000019043F64000C4F202000168362441F051
:1029D00010010160006800F0100035E00020019057
:1029E00043F64000C4F202000168372441F02001A0
:1029F0000160006800F0200026E00020019043F60E
:102A00004000C4F202004168002241F0020141602E
:102A10004068002100F00200019001982B20FFF790
:102A200099F82B20FFF786F82C240FE00020019066
:102A300043F64000C4F202000168322441F008016C
:102A40000160006800F00800019001982046002114
:102A50000022FFF77FF8204602B0BDE81040FFF7E4
:102A600069B802B010BD000090F83D1001291CBFEC
:102A700001207047022180F83D10006841F2FF728A
:102A8000C168C4F20002904241F00101C1600DDC56
:102A900040F2FF71C4F20001884215DCB0F1804FB2
:102AA00029D040F20041C4F2000122E040F2FF319F
:102AB000C4F20101884212DC41F60001C4F20001B7
:102AC000884218D0002112E040F60001C4F2000153
:102AD000884210D040F60041C4F2000109E044F2FF
:102AE0000001C4F20101884205D040F20041C4F265
:102AF0000101884206D1816801F00701062904BF5F
:102B000000207047016841F001010160002070471A
:102B100090F83C20012A4FF0020200F0C68080B5F8
:102B2000012380F83C3080F83D20D0F800C04FF6FB
:102B30007772DCF8083023EA0202CCF808200B6830
:102B40004F2B28DC1F2B44DD202B45D0302B43D0CE
:102B5000402B40F0AC80D1F804E0C968DCF82030AC
:102B6000DCF8202022F00102CCF82020DCF818202C
:102B700022F0F00242EA011123F00A0242EA0E02B8
:102B8000CCF81810CCF82020DCF8081041F04701F0
:102B900021F030017EE06F2B26DDB3F5005F47D0DA
:102BA000B3F5805F78D0702B40F08180D1E901E3EC
:102BB000C968DCF8082043EA0E0322F47F4243EAA6
:102BC00001211143CCF80810DCF8081041F077011E
:102BD00060E00BB1102B6AD1DCF8081021F0700115
:102BE000194341F0070155E0502B34D0602B5ED1E2
:102BF000D1F804E0C968DCF82030DCF8202022F0AD
:102C00001002CCF82020DCF8182022F4704242EAAE
:102C1000013123F0A00242EA0E12CCF81810CCF8D1
:102C20002020DCF8081041F0670121F0100131E0AC
:102C3000D1E901E3C968DCF8082043EA0E0322F475
:102C40007F4243EA01211143CCF80810DCF8081058
:102C500041F480411EE0D1F804E0C968DCF820307E
:102C6000DCF8202022F00102CCF82020DCF818202B
:102C700022F0F00242EA011123F00A0242EA0E02B7
:102C8000CCF81810CCF82020DCF8081041F05701DF
:102C900021F02001CCF808100022012180F83D101D
:102CA000002180F83C10BDE88040104670470122AA
:102CB000F3E700007047000070B504460068C5687F
:102CC0000669B10716D515F0020113D06FF00201A5
:102CD0000161012121778069800703D02046FFF739
:102CE000E9FF05E0204600F08DF8204600F08CF862
:102CF00000202077700718D515F0040015D0206843
:102D00006FF00401016102212177806910F4407F96
:102D100003D02046FFF7CEFF05E0204600F072F812
:102D2000204600F071F800202077300717D515F005
:102D3000080014D020686FF0080101610421217798
:102D4000C069800703D02046FFF7B4FF05E02046A6
:102D500000F058F8204600F057F800202077F006E1
:102D600018D515F0100015D020686FF01001016122
:102D700008212177C06910F4407F03D02046FFF777
:102D800099FF05E0204600F03DF8204600F03CF8B1
:102D900000202077F00718BF15F0010002D130069F
:102DA00009D412E020686FF001010161204600F0B3
:102DB0002DF8300609D515F0800006D020686FF098
:102DC000800101612046FFF735FD700609D515F039
:102DD000400006D020686FF040010161204600F0FD
:102DE00091F8B00658BF70BD15F0200008D02168DA
:102DF0006FF0200220460A61BDE87040FFF71CBD5D
:102E000070BD0000704700007047000010B5044618
:102E100041F26000C2F20000844208BF02F078F87C
:102E200041F2F000C2F20000844218D140F2AA60E0
:102E3000C2F20000007828B940F2A840C2F20000B7
:102E400002F0AAFD40F2A840C2F2000002F0DEFD4E
:102E500040F2B400C2F20000022104F0F1FB41F2A2
:102E60003810C2F2000084420CD140F22410C2F2A9
:102E7000000004F05BF940F65C50C2F2000000680C
:102E800002F0BEF941F28010C2F20000844218BF85
:102E900010BD40F22410C2F2000040F2886100F53B
:102EA0000174D0F81002C2F200011CCCC8600020EE
:102EB000C4F2B01081E81C00086101F015F840F67A
:102EC0002440C2F20000007840F62841C2F200011E
:102ED0009FED0B0A91ED002AF7EE001A002840F250
:102EE000B40008BFF0EE401AC2F200000221F0EE7A
:102EF000400AB0EE401ABDE8104004F0CFBA00BF5F
:102F0000000000007047000070470000704700009C
:102F100010B50446206850E8030F216820F4F070D3
:102F200041E80302002AF5D1206850E8050F216826
:102F300020F0010041E80502002AF5D1206B0128AC
:102F40000AD100BF206850E8030F216820F010006C
:102F500041E80302002AF5D1A06B48B1216844F290
:102F600069424969C0F60002090602EAE171016599
:102F7000E06B48B1216844F2E5324969C0F60002CD
:102F8000490602EAE171016520684069000612D530
:102F9000206850E8050F216820F0800041E8050214
:102FA000002AF5D1A06B30B1FEF7A2FA4FF0000174
:102FB00010B1A06B0165012120684069400613D55E
:102FC000206850E8050F226820F0400042E8050321
:102FD000002BF5D1E06B38B1FEF78AFA4FF0000113
:102FE00010B1E06B0165012161B100202021E08476
:102FF000E085606484F8411084F842102063204624
:10300000FFF784FF002010BD10B50446006840693A
:1030100094F84110212920D110F080001DD000BF6C
:10302000206850E8050F216820F0800041E8050283
:10303000002AF5D1A06B002818BFFEF719FA00BFCF
:10304000206850E8030F216820F0C00041E8030227
:10305000002AF5D1202084F841002068406994F8C6
:103060004210222939D110F0400036D0206850E8B3
:10307000050F216820F0400041E80502002AF5D143
:10308000E06B002818BFFEF7F3F900BF206850E896
:10309000030F216820F4907041E80302002AF5D163
:1030A000206850E8050F216820F0010041E8050282
:1030B000002AF5D1206B01280AD100BF206850E812
:1030C000030F216820F0100041E80302002AF5D127
:1030D000202084F8420000202063002010BD000062
:1030E00070470000B0B582B0044600680168C3684C
:1030F000426901F02F05202D03F0200506D12DB1E6
:10310000204602B0BDE8B04001F0C8B95FEA017CDA
:103110001EBF02F0010E03F4907212EB0E0240D1BA
:10312000226BCD0618D5012A16D113F0100213D048
:103130000021019101680191416801910199406963
:10314000400636D4A08DE18DE28D002A18BF88425A
:1031500040F01A8102B0B0BD0A0672D513F08002A9
:103160006FD094F841102129F4D1A168B1F5805FA6
:1031700003D12169002900F03C81216A4A1C2262A6
:1031800009784160E18C01390A04E184E2D1C16827
:1031900021F08001C160C16841F04001C16002B00E
:1031A000B0BDC80718BF13F4807069D148076DD44B
:1031B00073E0E06B016849688AB2002A55D0A38D9C
:1031C0009A4252D2E185C069B0F5807F31D000BF0C
:1031D000206850E8030F216820F4807041E8030262
:1031E000002AF5D1206850E8050F216820F0010081
:1031F00041E80502002AF5D1206850E8050F216852
:1032000020F0400041E80502002AF5D1202084F892
:1032100042000020206300BF206850E8030F2168AF
:1032200020F0100041E80302002AF5D1E06BFEF720
:103230001FF902206063A08DE18D401A81B2204603
:10324000CCE049067FF586AF13F040013FF482AF32
:10325000C16821F04001C1602021204684F841105E
:1032600002B0BDE8B04000F075BBA18D91427FF483
:1032700071AFC069B0F5807F7FF46CAF0222ABE024
:10328000606C40F001006064480706D5BEF1000F95
:1032900003D0606C40F002006064880706D5BEF180
:1032A000000F03D0606C40F004006064BCF1000FBC
:1032B00006D55EEA050003D0606C40F0080060644B
:1032C000606C00283FF446AF880603D515B1204650
:1032D00001F0E4F820684069616C00F0400001F002
:1032E0000801401849D000BF206850E8030F21684A
:1032F00020F4907041E80302002AF5D1206850E8DC
:10330000050F216820F0010041E80502002AF5D1EF
:10331000206B01280AD100BF206850E8030F216804
:1033200020F0100041E80302002AF5D1202084F8A3
:1033300042000020206320684069400653D500BF4A
:10334000206850E8050F216820F0400041E80502A0
:10335000002AF5D1E06B002845D044F2B521C0F633
:1033600000010165FEF7C4F800283FF4F3AEE06BFE
:10337000016D02B0BDE8B04008472046FFF7B0FE3F
:103380000020606402B0B0BD401A00BF216851E85F
:10339000031F226821F4907142E80313002BF5D13A
:1033A000216851E8051F226821F0010142E8051358
:1033B000002BF5D1202184F842100021216300BFA9
:1033C000216851E8031F226821F0100142E803132D
:1033D000002BF5D1022281B22046626302B0BDE823
:1033E000B040FFF791BD204602B0BDE8B040FFF706
:1033F00077BE216A31F8022B6FF35F2242602162AF
:10340000C0E60000002804BF0120704710B5044644
:1034100090F8410028B9002084F84000204600F0D0
:1034200021F8242084F841002068C16821F400516B
:10343000C160204601F092F82068016921F49041B2
:103440000161416921F02A014161C16841F40051E3
:10345000C16000202021606484F8411084F842108B
:10346000606310BD2DE9F04786B00446006840F661
:10347000FF71C4F2010188424FF000010591CDE9CE
:103480000311CDE9011175DC44F20041C4F20001E1
:10349000884200F0C98044F60001C4F2000188426D
:1034A00040F08081002643F630000096C4F202000E
:1034B000016946F2280841F4802101610169C4F2E2
:1034C000020801F48021009100990096016841F002
:1034D00002010160006801A900F00200009000985C
:1034E0004FF4406001900220CDE9020603200490D1
:1034F000072005900020C4F2020000F58060FEF76E
:10350000D3F940F6E865C2F200054FF000674FF4CA
:1035100080692846C5E90087C5E90266C5E90496C1
:10352000C5E90666C5E90866FEF7BAF8002818BFBF
:10353000FDF720FAE563AC6340F6487508F130000A
:10354000C2F200054021C5E9000705F1080080E846
:1035500042022846C5E90566C5E907666E62FEF7C0
:103560009FF8002818BFFDF705FAA56305F138009C
:1035700027250EE141F20041C4F20101884200F02A
:10358000BC8041F20001C4F20101884240F00A818E
:10359000002643F630000096C4F20200416941F073
:1035A00010014161416901F01001009100990096FC
:1035B000016841F001010160006801A900F001000B
:1035C000009000984FF4C06001900220CDE90206FF
:1035D00003200490072005900020C4F20200FEF7AB
:1035E00063F946F22800C4F2020040F6C85500F51F
:1035F0008360C2F200054FF000614FF4806285E8FD
:1036000043002846C5E90362C5E90566C5E90766C2
:103610006E62FEF745F8002818BFFDF7ABF9E563C9
:1036200005F138002525B4E0002643F63000009669
:10363000C4F20200016946F2280841F40031016138
:103640000169C4F2020801F400310091009900966A
:10365000016841F001010160006801A900F001006A
:10366000009000980C2001900220CDE90206032072
:103670000490072005900020C4F20200FEF714F920
:1036800040F6286508F16000C2F200054FF0006ABC
:103690004FF48069C5E9000A4FF440372846C5E970
:1036A0000266C5E90496C5E90666C5E90876FDF730
:1036B000F7FF002818BFFDF75DF9E563AC6340F63E
:1036C000886508F17800C2F200054021C5E9000ACA
:1036D00005F1080080E842022846C5E90566EE616A
:1036E000C5E90876FDF7DCFF002818BFFDF742F9B1
:1036F000A56305F1380026254BE0002643F630008F
:103700000096C4F20200416941F020014161416923
:1037100001F02001009100990096016841F0040138
:103720000160006801A900F0040000900098C0202A
:1037300001900220CDE902060320049008200590A4
:103740000020C4F2020000F50060FEF7ADF846F27A
:103750002800C4F2020040F6A87500F58060C2F2AD
:1037600000054FF020614FF4806285E84300284651
:10377000C5E90362C5E90566C5E907666E62FDF73E
:103780008FFF002818BFFDF7F5F8E56305F1380055
:1037900047250460284600210022FEF7DBF9284671
:1037A000FEF7C8F906B0BDE8F087000090F8423097
:1037B000202B1CBF0220704700294FF0010318BFC7
:1037C000002A01D1184670470023036300F03ABF76
:1037D00070470000704700002DE9F04381B00446B7
:1037E00090F8410020281CD1884600294FF00100A4
:1037F00066D01646002A63D00020606421201D4652
:1038000084F84100FEF722F9A684E684A168064602
:10381000B1F5805F01D1206938B1C1464FF0000891
:1038200005E0022001B0BDE8F0834FF00009E08C14
:1038300048B36F1C0CE0B9F1000F1BD019F8010B55
:1038400021684860E08C0138E084E08CD8B100BF8A
:10385000206800680006EED4002FF9D0FEF7F6F8D5
:1038600001464FF0030045B3891BA94225D82068C3
:10387000C068EDE738F8020B21686FF35F204860FD
:103880004FF00009DEE720680068400614D46F1C82
:1038900004E000BF2068006840060DD4002FF9D076
:1038A000FEF7D4F801464FF0030035B1891BA94259
:1038B00003D82068C068EDE70020202184F841107B
:1038C00001B0BDE8F0830000B0B5044690F84100B7
:1038D00020281CBF0220B0BD4FF00100C9B3002A50
:1038E000134608BFB0BD4FF0000C21202162A38415
:1038F000E384C4F844C084F84100A06B44F2294E2C
:1039000044F295452268C0F6000EC0F60005C0E9F5
:103910000FE544F2C125C0F600050432C0E9135C8E
:10392000FDF75EFF30B110206064202084F8410074
:103930000120B0BD20686FF040010160206850E8B0
:10394000050F216840F0800041E80502002AF5D10A
:103950000020B0BD704700007047000010B540F671
:10396000785046F20041C2F20000C4F20001062283
:1039700000234FF0012480E80E0000F10C014FF409
:10398000403C4FF4801E81E8085084618383FDF73A
:1039900065FB002808BF10BDBDE81040FCF7EABF7A
:1039A00080B540F6A05046F60001C2F20000C4F215
:1039B00000010622002380E80E0000F10C014FF404
:1039C000403C4FF4801E81E8085083618383FDF7FB
:1039D00045FB002808BF80BDBDE88040FCF7CABF9A
:1039E00080B582B0002043F630010190C4F202019C
:1039F0000A6842F480020A600A6802F480020192B6
:103A0000019A00900868002240F4001008600868DD
:103A1000002100F40010009000980C20FEF79AF8A6
:103A20000C20FEF787F80E2000210022FEF792F806
:103A30000E20FEF77FF8102000210022FEF78AF802
:103A40001020FEF777F8112000210022FEF782F8FF
:103A50001120FEF76FF8392000210022FEF77AF8D6
:103A60003920FEF767F83A2000210022FEF772F8AD
:103A70003A2002B0BDE88040FEF75CB82DE9F04F77
:103A800087B0002743F630000697CDE90477CDE9EB
:103A900002770197C4F202000168002641F080011C
:103AA00001600168C4F2020601F0800101910199F0
:103AB00001970168002241F00101016001684FF0A7
:103AC000100901F00101019101990197016841F08C
:103AD00004010160016801F004010191019901975D
:103AE000016841F0020101600068102100F002004D
:103AF000019001983046FDF7A3FF06F500652846C2
:103B000010210022FDF79CFF06F580642046642109
:103B100000224FF0640AFDF793FF0DF108084FF003
:103B2000010B30464146CDF80890CDE903B7059723
:103B3000FDF7BAFE28464146CDE9029BCDE9047760
:103B4000FDF7B2FE20464146CDE902ABCDE9047750
:103B5000FDF7AAFE07B0BDE8F08F000080B541F286
:103B6000080043F20001C2F20000C4F201014FF468
:103B70008272002380E80E0000F114014FF4007CF3
:103B80004FF0180E81E808500A21C0E90333C0E95C
:103B90000833C0E90A31FEF7CFFA002808BF80BD1C
:103BA000BDE88040FCF7E6BE80B586B041F260001B
:103BB00000220021C2F20000C4F20102532340F6A9
:103BC0009F7CCDE90411CDE90211CDE90011C0E9D6
:103BD0000023C0E9021CC0E904118161FEF78CFEDC
:103BE000002818BFFCF7C6FE4FF48050029041F247
:103BF0006000C2F2000002A9FEF78AFF002818BF89
:103C0000FCF7B8FE0020CDE9000041F26000C2F2EE
:103C100000006946FEF712FE002818BFFCF7AAFE56
:103C200006B080BD80B586B041F2A80040F60042E3
:103C30000021C2F20000C4F20002532340F2E73C2C
:103C4000CDE90411CDE90211CDE90011C0E900234D
:103C5000C0E9021C01618161FEF74EFE002818BF19
:103C6000FCF788FE4FF48050029041F2A800C2F2A7
:103C7000000002A9FEF74CFF002818BFFCF77AFEEF
:103C80000020CDE9000041F2A800C2F20000694620
:103C9000FEF7D4FD002818BFFCF76CFE06B080BD0F
:103CA00010B582B041F2F00041F200010024C2F2EE
:103CB0000000C4F2000142F20F73CDE9004440F26B
:103CC000473280E81600C3608461FEF715FE0028C5
:103CD00018BFFCF74FFE41F2F000C2F20000694647
:103CE000CDE90044FEF7AAFD002818BFFCF742FE0C
:103CF00002B010BD10B582B041F2381041F200415F
:103D00000024C2F20000C4F2000140F2E733CDE922
:103D10000044532280E81600C3608461FEF7ECFD86
:103D2000002818BFFCF726FE41F23810C2F200004E
:103D30006946CDE90044FEF781FD002818BFFCF775
:103D400019FE02B010BD000080B586B041F28010AF
:103D500040F200420021C2F20000C4F201025323EB
:103D600040F2E73CCDE90411CDE90211CDE90011A3
:103D7000C0E90023C0E9021CC0E904118161FEF71B
:103D8000BBFD002818BFFCF7F5FD4FF480500290F2
:103D900041F28010C2F2000002A9FEF7B9FE00282D
:103DA00018BFFCF7E7FD0020CDE9000041F28010CC
:103DB000C2F200006946FEF741FD002818BFFCF77B
:103DC000D9FD06B080BD000080B541F2C81041F2B7
:103DD0000001C2F20000C4F2010100234FF00C0CFC
:103DE0004FF4612280E80E00C0E90333C0E905C347
:103DF000C361FFF707FB002808BF80BDBDE8804016
:103E0000FCF7B8BD80B541F2102044F20041C2F287
:103E10000000C4F2000100234FF00C0C4FF4E1222B
:103E200080E80E00C0E90333C0E905C3C361FFF7B2
:103E3000E9FA002808BF80BDBDE88040FCF79ABDC4
:103E400080B541F2582044F60001C2F20000C4F2ED
:103E5000000100234FF00C0C4FF4E13280E80E001B
:103E6000C0E90333C0E905C3C361FFF7CBFA0028FB
:103E700008BF80BDBDE88040FCF77CBD10B541F2B5
:103E8000A02041F2004C48F2A062C2F20000C4F24D
:103E9000010CC0F201024FF4805300214FF4806EF8
:103EA0000C24C0E900C2C0E90231C0E904E4C0E961
:103EB0000611FFF7A7FA002808BF10BDBDE81040A3
:103EC000FCF758BD41F21020C2F2000003688022C6
:103ED000D96841F0100C40F64421C2F20001C3F849
:103EE0000CC0FFF763BC000010B540F62C42C2F2D4
:103EF000000240F6C4211278C2F2000145F25A30A5
:103F000040F2886C08808A70C2F2000C9CF816009F
:103F100048F6423EC8709CF817004FF0FF32087117
:103F20009CF80000C0F6000E48719CF801008871F2
:103F30009CF80200C8719CF8030008729CF8040009
:103F400048729CF8050088729CF80600C8729CF8BC
:103F5000070008739CF8080048739CF809008873F0
:103F60009CF80A00C8739CF80B0008749CF80C00BD
:103F700048749CF80D0088749CF80E00C8749CF876
:103F80000F0008759CF8100048759CF811008875A2
:103F90009CF81200C8759CF813000876002048763B
:103FA0004FF6FF708B185B7884B25840C0B23EF871
:103FB000100001321A2A80EA1420F3D1ACF8140060
:103FC0009CF814001D22C8769CF8153041F2102090
:103FD000C2F200000B77BDE81040FFF775BC00008F
:103FE00070470000B0B582B0044640680B46B0F59B
:103FF000827F12D1A168B1F5004F02D0B1F5806F78
:1040000004D121680D6825F040050D60B0F5827F70
:1040100003D1A068B0F5806F0FD120460121009236
:104020000022002500F00EF820B1606D032540F05D
:1040300020006065284602B0B0BD00922046802175
:10404000EEE700002DE9F04782B00A9C984615463D
:104050000E468146FDF7FAFC201A00EB0804FDF736
:10406000F5FC40F26C41C2F200010968C1F3CB31AA
:1040700061430191D9F8001089683140891BB1FA78
:1040800081F14909A94203D1002002B0BDE8F087BF
:10409000824608F101070CE0019801380190D9F837
:1040A000000080683040801BB0FA80F04009A842D0
:1040B000EAD0002FF3D0FDF7C9FCA0EB0A00A04224
:1040C00004D201980028E7D10024E8E7D9E90001EB
:1040D0004268B1F5827F22F0E00242600BD1D9F84C
:1040E0000810B1F5004F02D0B1F5806F03D101681F
:1040F00021F040010160D9F82810B1F5005F07D127
:10410000016821F400510160016841F4005101602F
:10411000012089F85100002089F85000032002B0E6
:10412000BDE8F08770470000FDF796BC4EF688505A
:10413000CEF20000016841F4700101607047000098
:1041400041F26000C2F20000FEF7B6BD41F2A800E5
:10415000C2F20000FEF7B0BD41F2F000C2F2000072
:10416000FEF7AABD41F23810C2F20000FEF7A4BD6E
:1041700041F28010C2F20000FEF79EBD41F28010B5
:10418000C2F20000FEF798BDB0B540F6FF3E0568EC
:10419000C4F2000E40F2004C7045C4F2010C0FDC7A
:1041A000B0F1804F19D040F20043C4F200039842AE
:1041B00013D040F60003C4F2000398420DD011E082
:1041C00040F60043C4F20003984206D0604504D094
:1041D0000023C4F20103984204D14B6825F0700219
:1041E00043EA020541F6FF73C4F2000398420DDC76
:1041F00070451FDCB0F1804F41D040F20043C4F263
:10420000000398423BD040F6000321E043F6FF73E1
:10421000C4F20103984220DC42F20003C4F200031E
:1042200098422CD00023C4F20103984227D0604565
:1042300025D029E040F60043C4F2000398421ED086
:1042400041F60003C4F20003984218D041F600433F
:10425000C4F20003984212D016E044F20003C4F204
:10426000010398420BD044F60003C4F201039842C4
:1042700005D044F20043C4F20103984204D1CB6854
:1042800025F4407243EA02050A688C684B69C462EF
:1042900040F480648262644504BF09690163026876
:1042A00025F0800142F004021943026001224261BC
:1042B0000160B0BD806B0021C185FEF711BF000019
:1042C000806B0168496990F84120212A11D111F0D1
:1042D00080010ED00021C184016851E8031F0268EB
:1042E00021F0C00142E80313002BF5D1202180F812
:1042F00041100168496990F84220222A2BD111F01F
:10430000400128D00021C185016851E8031F0268DF
:1043100021F4907142E80313002BF5D1016851E8B4
:10432000051F026821F0010142E80513002BF5D1B9
:10433000016B01290AD100BF016851E8031F02681F
:1043400021F0100142E80313002BF5D1202180F861
:10435000421000210163416C41F010014164FEF7FD
:10436000BFBE00000168806B0968C90530D4002118
:10437000C18500BF016851E8031F026821F4807104
:1043800042E80313002BF5D1016851E8051F0268CC
:1043900021F0010142E80513002BF5D1016851E835
:1043A000051F026821F0400142E80513002BF5D1FA
:1043B000202180F84210016B012909D1016851E8E0
:1043C000031F026821F0100142E80313002BF5D10E
:1043D00000214163016B012918BFFFF7F9B9818DF5
:1043E000FEF792BD806B0021D0E90E2319651AB14A
:1043F000126D002A18BF70472022C184C185416414
:1044000080F8412080F842200163FEF77FBD000064
:10441000806B01214163016B012918BFFFF7DAB9F5
:10442000818D4908FEF770BD0168806B0968C90578
:1044300048BFFFF78FBA0021C18400BF016851E86F
:10444000051F026821F0800142E80513002BF5D119
:10445000016851E8031F026841F0400142E803137C
:10446000002BF5D170470000806B0021D0E90E329F
:1044700019651AB1126D002A18BF70472022C18435
:10448000C185416480F8412080F842200163FEF735
:104490003DBD0000806BFFF75FBA000090F842104E
:1044A000222918BF70478268B2F5805F01D1016987
:1044B00091B1816AB2F5805F07D00AB9026922B171
:1044C0000268526802F07F0201E0026852680A70D6
:1044D000816A0131816207E00168826A49686FF38D
:1044E0005F2122F8021B8262C18D01390A04C18555
:1044F00000D070470168CA6822F02002CA60CA680A
:1045000022F48072CA604A6922F001024A612021C5
:1045100080F8421000214163026B012A18BFFFF7A7
:1045200057B981B0016300BF016851E8031F0268F9
:1045300021F0100142E80313002BF5D101680A684D
:10454000D20606D5002200920A68009249680091BE
:104550000099818D01B0FEF7D7BC000010B504466C
:104560000068D4E902C22369016921F44051114372
:104570000161626943EA0C01E3691143C2681943AE
:1045800049F20C639A431143C1604169A26921F465
:10459000407141F20043114340F48062C4F20103D0
:1045A0009A42416102D1FDF7D5FB01E0FDF7BEFB68
:1045B000E16963681922B1F5004FA0FB020120D127
:1045C0005A00DB0FFBF7FEFD48F21F51C5F2EB115D
:1045D000A0FB01235A094FF69C73C0F6FF7303F149
:1045E000805302FB0300322303EBC000A0FB010158
:1045F0004FF4F87000EA111000EB0210C1F3421101
:104600001CE09A009B0FFBF7DDFD48F21F51C5F23D
:10461000EB11A0FB01235A094FF69C73C0F6FF7300
:1046200002FB0300322303EB0010A0FB0101F0208A
:1046300000EA511000EB0210C1F343110844216855
:10464000886010BDF0B581B0134600270446816232
:1046500083854764222084F84200E06B44F265358C
:1046600044F211460A462168C0F60005C0F600066D
:10467000C0E90F5644F2C126C0F600060431C0E975
:104680001367FDF7ADF838B110206064202084F87E
:104690004200012001B0F0BD009720680168009140
:1046A000406800900098206950B100BF206850E831
:1046B000030F216840F4807041E80302002AF5D11D
:1046C000206850E8050F216840F0010041E805022C
:1046D000002AF5D1206850E8050F216840F040001D
:1046E00041E80502002AF5D1002001B0F0BD00002C
:1046F000B0B540F2A844C2F20004204601F098FA96
:1047000040F65641D4F80001C2F200010A88C0F315
:104710000130824204D0002A088008BF01280BD053
:1047200040F65841C2F200010A88824227D0002A8E
:10473000088008BF022822D141F2A025C2F200055C
:104740002846FEF761FC2868C16821F07001C1604D
:1047500040F66850C2F20000D0E90012013142F187
:104760000002C0E9001240F2AA60C2F2000001217A
:10477000017040F2A840C2F2000001F05BF840F680
:104780005A41D4F80001C2F200010A88C0F3013096
:10479000824204D0012A088008BF00280BD040F6CE
:1047A0005C41C2F200010A88824229D0022A0880B4
:1047B00008BF002824D141F2A020C2F20000016805
:1047C0006FF020020A60CA6842F02002CA6004F159
:1047D00008011922FEF7EAFF40F67050C2F200000D
:1047E000D0E90012013142F10002C0E9001240F2AA
:1047F000AA60C2F2000000210170204601F01AF800
:1048000041F2C810C2F20000BDE8B040FEF76ABC39
:104810002DE9F04381B041F21020C2F2000000689F
:104820000168C90640F19C8000210091016841F2B5
:10483000102500914168C2F20005009100990168BD
:1048400040682846FEF7E0FB40F64424C2F200042C
:104850002046FCF791F8284621468022FEF7A6FF65
:10486000207866287CD1207F112879D140F65E40DF
:10487000C2F2000000780538012871D841F27C307E
:10488000C2F20000817800296AD04078002867D100
:1048900040F63049C2F2000999F80000012803D01F
:1048A00099F8000002285BD141F2A830C2F2000062
:1048B000D0F80080D9F80400FBF7ABFE9FED2E0B7B
:1048C00054EC105B2A462346FBF77BFD9FED2C0B37
:1048D00056EC107B3A463346FBF7E5FDFBF7ACFEA2
:1048E00000EE100A404601F0A9FC41F27430C2F219
:1048F0000000D0F80080D9F81000FBF78AFE2A46A5
:104900002346FBF75EFD3A463346FBF7CCFDFBF74B
:1049100093FE00EE100A404601F08CFDD9F8080025
:10492000FBF777FE9FED180B54EC105B2A462346ED
:10493000FBF747FDFBF780FE40F64C51C2F2000149
:104940000860D9F80C00FBF764FE2A462346FBF703
:1049500038FDFBF771FE40F64851C2F200010860D5
:1049600041F21020C2F2000001B0BDE8F043FEF7B2
:10497000B9BB00BF00BF00BF000000000080664060
:104980004AD8124DFB2109406666666666A64C4011
:1049900041F25820C2F20000FEF7A4BB80B540F2FD
:1049A000A840C2F2000001F09BF841F2A020C2F240
:1049B0000000BDE88040FEF795BB0000F0B581B077
:1049C00040F6D0124DF20A7CC2F20002C3F6A34CAC
:1049D00000244FF081414FF07C5040F660160027D4
:1049E000C2E901C4C2E90341C2E90544D161C2E997
:1049F0000A44C2E91244C2E91444C2E916441066EA
:104A0000C2F20006002500230022C4F2C82740F2AB
:104A1000000EC4F20C25C4F24833C4F2AF32C4F223
:104A2000C83EB7614FF07E57C6E90154C6E903326C
:104A30007461C6F81CE0C6E90A47C6E91244C6E933
:104A40001444C6E91644306640F6B436C2F2000695
:104A5000C6E90341F16140F64431C2F2000130661B
:104A600008661C20C6E901C4C6E90544C6E90A4433
:104A7000C6E91244C6E91444C6E91644C1E9015422
:104A8000C1E90332C1E90543C1F81CE0C1E90A44A8
:104A9000C1E91244C1E91444C1E9164403F03AF8EB
:104AA00041F27431C2F20001C0E90044C0E902449D
:104AB000C0E904448461086001B0F0BDB0B540F6BF
:104AC000800200230020C2F20002C4F2A0130025DD
:104AD000C4F27A604FF07C51C2E90135C2E903505B
:104AE000C2E90555D061C2E90A55C2E91255C2E9C9
:104AF0001455C2E91655116640F6F002C2F20002E2
:104B0000C2E9013540F6100340F2000CC2F2000386
:104B1000C4F2501CC2E90350C2E90555D061C2E994
:104B20000A55C2E91255C2E91455C2E91655116673
:104B3000C3E901C5C3E90350C3E90555D861C3E919
:104B40000A55C3E91255C3E91455C3E91655196648
:104B500040F2C06344F20002C2F20003C4F21C62DD
:104B6000C3E9055240F2A072C2F20002C2E901C5D7
:104B7000C2E90350C2E90555D061C2E90A55C2E94C
:104B80001255C2E91455C2E91655116640F2307249
:104B9000C2F20002C3E90350D861C2E90350D061F8
:104BA00040F65140C2F20000057040F652404CF60B
:104BB000CD44C2F20000C3F6CC64057040F650400C
:104BC000C3E90145C3E90A55C3E91255C3E91455C0
:104BD000C3E91655196643F23333C2F20000C3F637
:104BE000B36305701820C2E90135C2E90555C2E971
:104BF0000A55C2E91255C2E91455C2E916551166A3
:104C000002F088FF41F26C31C2F20001C0E90055A8
:104C1000C0E90255C0E904550860602002F07AFF3F
:104C200060210446FBF706FB0020C4F2601000215F
:104C3000002204F10C03C4F26631C4F2483227C3E7
:104C40000120207740F65C50C2F20000C4E908550C
:104C5000C4E90A5525630460B0BD000070B540F694
:104C60005340C2F20000002440F66043002141F2AC
:104C70006F2E0470C2F20003C4F248210022C3F672
:104C8000832E00204CF6CD4CC4F20232C4F27A607E
:104C9000C3F64C7C83E816404FF07C5E4FF07E51AB
:104CA000C3E9040CC3F820E0996240F6FC430025F8
:104CB0004CF6CD46C2F20003C4F27025C3F6CC56C2
:104CC000C3E90052C3E90246C3E9040119629962CB
:104CD00040F6AC43C2F2000300254BF21776C4F253
:104CE0007015C3F6D106C3E9040C1820C3E90052BD
:104CF000C3E90246C3F820E0996202F00BFF41F2DB
:104D0000A831C2F20001C0E90044C0E902440461D4
:104D10000475086070BD0000F0B583B040F65E40D9
:104D2000C2F20000007841F268310638B0FA80F033
:104D30004FEA5010C2F20001087011D140F2A840B1
:104D4000C2F200004FF4006100F098FD40B140F263
:104D5000A840C2F20000202100F090FD002845D1BB
:104D600040F2A660C2F200000088012121EA0000A2
:104D700040F28861C2F20001C88240F2943040F2F1
:104D8000A861C2F20000C2F2000100780A8840F275
:104D9000A463C2F20003002818BF012022F005021C
:104DA0001B78104440F2A842002B18BF0123C2F226
:104DB000000240EA830092F889300880002B18BF77
:104DC0000123B2F92A00002110F5167FB8BF012196
:104DD00043EA010041F27C31C2F20001887040F6E2
:104DE0002C41C2F20001087003B0F0BD0520FCF7B1
:104DF00047FD40F20C000025C2F2000040F2FF2106
:104E0000002200230095019502F04AFD0A20FCF7DC
:104E100037FD40F6F84640F26004C2F20006C2F2E6
:104E200000040027204640F2FF11002200233560D5
:104E30000095019502F034FD0A20FCF721FD182FA2
:104E400007F10107EED340F20C000027C2F2000088
:104E50004FF40071002200230097019702F020FD1B
:104E60001420FCF70DFD012080F3138800F06AF98F
:104E700070B592B006AC20463021FBF7DBF9002577
:104E800043F640000595CDE90355CDE90155009560
:104E9000C4F202000168022641F0805101600068FE
:104EA00000F080500090009847F200000095C4F296
:104EB0000000016841F480410160006800F4804016
:104EC000009000980120099010200A9008200E9070
:104ED000A820CDE90F060420119020460696CDE9C2
:104EE0000C65FCF77FFF90B90F20CDE901064FF468
:104EF000A05004904FF48050059001A8052103951F
:104F0000FCF764FE002804BF12B070BD72B672B622
:104F1000F0B583B040F6505740F2A845C2F2000702
:104F2000C2F20005387895F80111013011F0300F08
:104F300038702BD095F81601A92839D195F81701AA
:104F4000532835D195F81D114FF6FA72C0F6FF724D
:104F500095F81C0162F31F1185F81D1101F0AF01D6
:104F6000B5F82761B5F81821B5F81A3141EA0020E3
:104F700096FAB6FC06B240F26000D2BADBBAC2F2D0
:104F800000004FF48871CDE9006C0FE02889AA89F0
:104F90006989EB8AD4BAC2BA40F26000DEBACBBAF1
:104FA000C2F200004FF48871CDE9004602F078FCAF
:104FB00038784CF6CD41CCF6CC41484340F26006FF
:104FC000B0F1333FC2F2000613D8288B40F2A8613B
:104FD000C2F20001B1F90030C2BA40F26000002410
:104FE000C2F2000040F213110094019402F058FC48
:104FF0003C70F069B0F5AB6F1FD1308F40F2A66105
:1050000000BA728F000CC2F20001088010BA41F29F
:105010009C31B28F000CC2F20001088010BA41F23C
:10502000A031F28F000CC2F20001088010BA41F2E8
:105030009E31000CC2F20001088003B0F0BD0000F8
:1050400040F2A841C2F2000191F82C0091F82D1015
:10505000012808BF012921D0012808BF03291FD03A
:10506000032808BF01291DD0032808BF03291BD02E
:10507000022808BF032919D0032808BF022917D026
:10508000022808BF022915D080F0020081F001013A
:1050900008434FF0000008BF07200CE000200AE0A2
:1050A000012008E0022006E0032004E0042002E0E2
:1050B000052000E0062040F2943140F65E4CC2F23A
:1050C0000001C2F2000C0A788CF8000041F27C303A
:1050D000C2F200005AB99CF8001001F0FD03012B48
:1050E00003D0042918BF062924D18178F1B1817831
:1050F000002918BF0121490040F65443C2F20003C1
:10510000197042B99CF80010CA1E042A01D3012963
:1051100001D1817861B18078002818BF012040005A
:1051200040F62441C2F20001087070470121E3E714
:105130000120F5E70529DAD1042B817818BF002971
:10514000D3D0D4E74EF60C50BFF34F8FCEF2000011
:105150000168042201F4E061C0F2FA5211430160D7
:10516000BFF34F8F00BFFDE740F65151C2F200017F
:105170000A78002A02BF01220A7080ED050A90ED2C
:10518000051A90ED032A30EE410A22EE000A30EEB5
:10519000010A80ED050A80ED060A70472DE9F0410D
:1051A000044606688068D4F80480FBF732FA0246A9
:1051B0000B46FBF75FF8074630460D46FBF729FA2A
:1051C00002460B4638462946FBF7FBF805464046A3
:1051D0000E46FBF71EFA02460B4628463146FBF701
:1051E000F0F8FBF729FA00EE100AB7EE001A30EEDD
:1051F000011A80EE010A206184ED030ABDE8F08106
:105200002DE9F0412DED048B40F61001C2F20001B2
:1052100091ED102A9FED460A40F65C55B4EE402A07
:10522000F1EE10FAC2F200054EDC9FED421AB4EE28
:10523000412AF1EE10FA47DB044640F2A070C2F2B8
:10524000000090ED102A2F68B4EE402AF1EE10FA1B
:1052500007F1040604DCB4EE412AF1EE10FA59DA43
:1052600096ED000AB7EE008A9FED331A30EE089AE9
:10527000B4EE419AF1EE10FA86ED009A4CDD40F260
:10528000B430C2F2000000694FF0010887F83480A2
:10529000FBF7AEF99FED292A39EE081A41EC100B05
:1052A000B4EE421AF1EE10FA87ED100B87ED120BF7
:1052B00084F8098087ED011A2EDB002087ED100BA2
:1052C00087ED120B607225E02C68B7EE001A94EDA2
:1052D000010A9FED192A30EE010AB4EE420AF1EEFE
:1052E00010FA84ED010A17DD40F2B430C2F200007A
:1052F0000069261DFBF77CF941EC100B84ED100BC7
:105300009FED090B53EC102BFAF7B4FF41EC100B97
:1053100084ED120B002030602868816B01318163BD
:10532000BDEC048BBDE8F0810000000060FFF3C01D
:1053300000803B4600803BC6000048430000964387
:1053400040F65C50C2F20000006890F83510013958
:1053500001290FD840F2A841C2F20001B1F9221090
:1053600011F5167F01DA012105E0B1F5167F01DDA7
:10537000022100E0002180F8361090F8361001F08C
:105380000102C1F34001027041707047000000004B
:105390002DE9F0472DED028B40F65C5614460629A8
:1053A000C2F2000614D0052940F0BF81356840F6EE
:1053B0005140C2F200002A7803781146B3FA83F70D
:1053C000002A18BF01217F09394029D001222AE093
:1053D00041F2A03041F29E31C2F20000C2F200015F
:1053E0000088098840F2A849401A40F65041C2F2AC
:1053F0000009C2F2000199F888300D781A46B5FA12
:1054000085F741F2783A002B18BF01227F09C2F2DA
:10541000000A3A40AAF8000000F09780012397E0C4
:1054200012B90BB10022027041F26C300029C2F2B5
:1054300000004BD00168097D012947D140F2B4300A
:10544000C2F2000007693846FBF7D2F8814641EC0A
:10545000100B46F26D60C1F69A1057FB00F08846BB
:10546000411301EBD07049F6FB714843A7EB4000B4
:10547000014685ED120B002848BF414242F20F72EF
:10548000914295F855104FF0000388BF012385F82D
:10549000543021B995F85610002900F0D68000EE5E
:1054A000100A9FEDE11AB8EEC00A31EE400A10EE84
:1054B000100AFBF7AEF802460B4648464146FAF79B
:1054C000D9FE41EC100B85ED120B2EE16978002915
:1054D00000F09E800068007D012840F0A780687A77
:1054E000002840F0A38095ED100B9FEDCD1B01200F
:1054F00085F8340053EC112B51EC100BFAF7BAFE7F
:1055000040F2B432C2F2000292ED040A95ED0A1A9A
:10551000B8EEC00A95ED0C2A30EE411A9FEDC33A61
:1055200032EE011A81EE032A41EC130B85ED0C1AC1
:1055300085ED103B85ED0B0A85ED0A0A85ED123BE2
:10554000BDEEC21A85ED061AEFE013B90DB10023C6
:105550000B701AB380B21E2807D840F2A840C2F2DE
:105560000000202100F08AF9C0B140F2B430C2F24C
:1055700000000069FBF73CF89FEDA70B356853EC82
:10558000102BFAF777FE41EC100B002085ED100B85
:1055900085ED120B85F83400A8638FE099F8880038
:1055A00018B13068806B232816DC41F27C30C2F2DF
:1055B00000008078002800F0818040F63040C2F280
:1055C00000000078022879D141F26C30C2F200006C
:1055D0000068007D002871D0D6F8008098F8090096
:1055E00000286BD1BAF8000001211D2888F834107A
:1055F00024D840F2B430C2F200000069FAF7F8FF94
:1056000041EC100B002088ED100B88ED120B53E0DD
:1056100041F27C31C2F20001897839B140F6304163
:10562000C2F20001097802293FF454AF40F2B430CD
:10563000C2F200000069FAF7DBFF72E03B281BD8DA
:1056400098ED100B9FED721B2BE09FED730B4846FE
:1056500053EC102B4146FAF70DFEAA6941EC100BF2
:10566000501CA861002085F8340085ED100B85EDF5
:10567000120BA5F8550058E0772804D898ED100BC8
:105680009FED611B0DE0952804D898ED100B9FED60
:105690005C1B06E0BD2800F29A8098ED100B9FED90
:1056A000561B53EC112B51EC100BFAF7E3FD41ECB8
:1056B000100B012088ED100B88F8020040F65240D4
:1056C00099F88820C2F20000017812B109B90121CD
:1056D00002E052BB49B3002135680170AA7822B3B9
:1056E0000020A87040F2B430C2F20000006946F217
:1056F0006D61C1F69A1150FB01F0411301EBD070BE
:1057000043F6F671C0F20101484300EE100A9FED26
:10571000461AB8EEC00A30EE010A10EE100AFAF787
:1057200078FF41EC100B85ED100B30689FED400ABF
:1057300024B990F83510013901293FD841F26C3174
:10574000C2F200010968097DC1B340F2B437C2F268
:10575000000790F8341097ED040AB8EEC08A49B1FA
:1057600040F2A07440F230754030C2F20004C2F240
:10577000000508E040F6100440F2C0654830C2F26F
:105780000004C2F2000590ED000B51EC100BFAF78B
:1057900053FF00EE100A2846F0EE480A02F054F9D2
:1057A000B7F90A0095ED100A01EE100AF8EEC10AE9
:1057B000204602F049F994ED100A3068316880ED16
:1057C000140A91ED140ABDEC028BBDE8F08798ED48
:1057D000100BDB288CBF9FED041B9FED051B51ECCC
:1057E000100B53EC112B60E7C0BB5B3D33DB86C075
:1057F000E4A6181A115184C056FA24A799797EC0DC
:105800009DD09E60556579C0E4A6181A115174C0E8
:1058100056FA24A799796EC00000000060FFF3409B
:10582000C0BB5B3D33DB864000FB9FC700FB9F474F
:105830000000000000210022C0F89210C0F88E1075
:10584000A0F8F410C0F89C10A0F8A010C0F201124B
:10585000A0F8F8100821C0F8962000BF00220D29FA
:1058600008BF5022425401312129F7D190F801118B
:1058700011F0300F18BF704700F0F4BAB0F88C0088
:10588000084018BF012070472DE9F04190F81B61D6
:1058900090F81A7190F8181190F81931B60090F834
:1058A0001C5146EA9714B0F8022163F30A21DB0881
:1058B00065F38A2467F34A13A60A90F81D7146EA35
:1058C00002466A084FF4704567F3CA1205EA0725D5
:1058D00041EAC32845EA420790F81E5148EA845E2F
:1058E00037446FF39F2405F0010644EA87246FF3E1
:1058F0001C4747EA064690F81F716D0867F3CA1502
:10590000C7F3001746EA0776D0F8203146EA454744
:1059100090F80AC1C0E93FE7B0F82471C0F804313B
:1059200090F82631A0F808710CF0C00703F03F038F
:105930003B4480F80A31B0F82731B0F82971A0F85B
:105940000B314FF20003CFF2010333404FF6000654
:10595000A0F80D7101F5806108F50017C0F23F064F
:105960006FF3DF213740394404F5806702F5806228
:10597000C7F380266FF3DF2241EA875146EA4202ED
:1059800005F580676FF3DF271A4442EA4742C0E912
:105990003F12BDE8F081000010B50446B0F81201D6
:1059A000013081B20629A4F8120138BF10BD0020D1
:1059B0000021C4F89200C4F88E00A4F8F400C4F8E2
:1059C0009C00A4F8A000C0F20111A4F8F80008207F
:1059D000C4F8961000210D2808BF50212154013031
:1059E0002128F7D194F8010110F0300F02D12046A0
:1059F00000F038FA20680021A4F81211FDF788FAA7
:105A00002046BDE8104000F071B900002DE9F04FCC
:105A100081B00446B0F81401013081B20629A4F81F
:105A200014013CBF01B0BDE8F08F60680025A4F808
:105A30001451FDF76DFAD4F80011606801F060416F
:105A4000C4E93F5194F80A11C4F8045101F0C001AF
:105A500084F80A11C4F80B51C4F81651C4F81A514D
:105A6000C4F81E51C4F82251C4F82651C4F82A5172
:105A700084F82E514168A4F80851B1F5612F22D065
:105A800048F64C50C0F6000090E8000EC66841F29F
:105A9000E825078A41F25828C2F20005C2F2000840
:105AA0004046294611224FF6FF7385E8000EEE604E
:105AB0002F82FDF791FE0A20FBF7E2FE6068416845
:105AC000B1F5612FECD103681522D96841F01007B8
:105AD00004F58B71DF6001B0BDE8F04FFDF766BEE5
:105AE00070B582B00446006801680968C9065CBFE9
:105AF00002B070BD0025019501680A6801924968ED
:105B00000191019901680A684968FDF77DFAA08E44
:105B1000A17EE27E94F88960084394F888301043AF
:105B20004FF0000118BF0120012E88BF0121002283
:105B3000012B88BF0122114341EA0006012E20D12A
:105B40000020C0F20110C4F896000820C4F892505A
:105B5000C4F88E50A4F8F450C4F89C50A4F8A05097
:105B6000A4F8F85000210D2808BF5021215401301D
:105B70002128F7D194F8010110F0300F51D0002EF8
:105B800046D1207A617AA27A61F30A20A0F580607A
:105B9000A4F88E00C808E37A62F34A10A0F580608A
:105BA000A4F890009800217B40EA921061F38A20CB
:105BB000A0F58060A4F89200607B490860F3CA11E8
:105BC000A1F58061A4F89410810984F89810D4F8A4
:105BD0000E10C0F30110C4F89C10217D84F89900C8
:105BE000608A84F8F410217E627EA4F8A000607DB3
:105BF00062F30A21E38A84F8F500A1F58060A4F835
:105C000096002046A4F8F830A4F8125100F02AF9C2
:105C100054F8080B1922214602B0BDE87040FDF788
:105C2000C5BD204600F01EF9002EAAD0F0E7000006
:105C300070B582B00446406801680968C9065CBF57
:105C400002B070BD0026019601680A680192496899
:105C50000191019901680A684968FDF7D5F994F83E
:105C6000160194F8171180F0A90281F053031A432A
:105C700004F58B7529D0B2FA82F2A5284FEA5210AA
:105C800008BF0C2920D0D4F80011002201F0604197
:105C9000C4E93F2194F80A11C4F8042101F0C001BD
:105CA000A4F8082184F80A11C4F80B21C4F81621BD
:105CB000C4F81A21C4F81E21C4F82221C4F82621F0
:105CC000C4F82A2184F82E2138B12046FFF7DCFDE4
:105CD0002046A4F8146100F0C5F860682946152232
:105CE00002B0BDE87040FDF761BD00002DE9F04F46
:105CF00081B0044600200021C4F89200C4F88E0050
:105D0000A4F8F400C4F89C00A4F8A000C0F20111AB
:105D1000A4F8F8000820C4F8961000BF00210D2850
:105D200008BF5021215401302128F7D194F80101F6
:105D300010F0300F02D1204600F094F8206848F2AD
:105D4000A0694168C0F20109494524D048F64C5089
:105D5000C0F60000D0E900ABD0E9027641F2E825B8
:105D6000B0F81080C2F2000541F25820C2F20000E3
:105D7000294611224FF6FF73C5E900ABC5E902764B
:105D8000A5F81080FDF728FD0A20FBF779FD2068B3
:105D900041684945E8D103681922D96841F01007E4
:105DA00004F10801DF6001B0BDE8F04FFDF7FEBC73
:105DB0002DE9F04F81B0D0F80011044601F06041A8
:105DC0000022C4E93F2194F80A11406801F0C001A3
:105DD000C4F8042184F80A11C4F80B21C4F8162170
:105DE000C4F81A21C4F81E21C4F82221C4F82621BF
:105DF000C4F82A2184F82E214168A4F80821B1F5BD
:105E0000612F22D048F64C50C0F6000090E8000EFA
:105E1000C66841F2E825078A41F25828C2F2000517
:105E2000C2F200084046294611224FF6FF7385E86A
:105E3000000EEE602F82FDF7CFFC0A20FBF720FD5D
:105E400060684168B1F5612FECD103681522D9680B
:105E500041F0100704F58B71DF6001B0BDE8F04F31
:105E6000FDF7A4BCD0F8001111F4405F28D0D0F8A1
:105E7000FC2042F30A03438442F3CA238384CB0702
:105E800043EA52025215C284B0F80B2141F34A0191
:105E9000A0F88C20B0F80421018540F20221818510
:105EA0000286D0F8061190F80A21C0F8321002F0EC
:105EB000030180F88810C2F3810180F889107047CF
:105EC000D0F88E10D0F89220C0F82210B0F89C10B4
:105ED000D0F896C00186B0F8F410D0F89E30A0F843
:105EE0008810B0F8F810C0F82620C0F83230A0F8BA
:105EF0008C10C0F82AC07047F1B106292BD00529B3
:105F000039D140F65C50C2F20000026840F2A8406D
:105F1000C2F20000B0F924100120B1F5167F41F261
:105F20006C31C2F20001096882F83500C4BF0875FF
:105F3000704700200875704740F65C5041F26C32A3
:105F4000C2F20000C2F2000200681268002180F86C
:105F500035101175704740F65C50C2F200000068C1
:105F6000022180F8351041F26C30C2F20000006866
:105F700001210175704741F26C30C2F200000068E7
:105F80000021017570470000B0B540F2F434C2F250
:105F90000004204601F0E6FB41F26C35C2F2000538
:105FA000B0B92868017A90ED000A41F00101017250
:105FB000B4F90A1040F6F00401EE101AC2F200041F
:105FC000F8EEC10A204601F03FFD206C2968C86048
:105FD00040F2D434C2F20004204601F0C3FBB0B951
:105FE0002868017A90ED010A41F002010172B4F9CA
:105FF0000A1040F6800401EE101AC2F20004F8EE16
:10600000C10A204601F020FD206C2968086128683B
:10601000017A01F00301032919D1017D0DA30A467C
:10602000002918BF012218BF04330CA41B680029E3
:1060300018BF04342168C0E9003140F20040C4F2C6
:1060400002004021FBF7FCFC28680021017228684F
:106050000C30B0BD000000000000C845000000008A
:106060000000C8C531EEC03A90ED030AB0EEC34A55
:10607000B4EE404A32EE602AF1EE10FA80ED0D3AAD
:1060800080ED122A02DA0021C162704790ED004AC9
:1060900090ED015A24EE033A33EE023A24EE022A3E
:1060A00031EE421A25EE032ABFEE005A9FED1E7A0A
:1060B000B5EE403A90ED040A90ED056A80ED0C3A99
:1060C00031EE421A90ED082AB0EEC34AF1EE10FA12
:1060D00018BFB0EE457AB7EE005AB4EE454AC8BFD5
:1060E000B0EE457AF1EE10FAC8BFB0EE473A22EEB4
:1060F000032A31EE421A26EE011AB4EE401AF1EEEE
:1061000010FA80ED0B1AC8BF80ED0B0A90ED0B1A48
:10611000B1EE400AB4EE401AF1EE10FABCBF80EDC9
:106120000B0A7047704700BF0000000090ED021A94
:1061300090ED115A90ED034A30EE413A80ED060A97
:1061400090ED0F2A31EE450AB0EEC35AB4EE445A30
:1061500030EE422AF1EE10FAC0ED070A80ED0D3A5A
:1061600080ED0F0A80ED102ABEBF0021C16270478A
:1061700090ED005A30EEC04A25EE033A33EE043A71
:1061800025EE044AFFEE000ADFED211AB5EE403A93
:1061900090ED016A90ED040A90ED057A80ED0C3ADD
:1061A00032EE442A90ED084AB0EEC35AF1EE10FAEE
:1061B00018BFF0EE601AF7EE000AB4EE605AC8BFDE
:1061C000F0EE601AF1EE10FA26EE035AC8BFB0EEF8
:1061D000613A24EE033A32EE432A32EE452A27EEA4
:1061E000022AB4EE402AF1EE10FA80ED0B2AC8BF65
:1061F00080ED0B0A90ED0B2AB1EE400AB4EE402A76
:10620000F1EE10FAB8BF80ED0B0A80ED111A70475D
:106210000000000040F66040C2F2000080ED020A7B
:1062200040F6FC40C2F2000080ED020A40F6AC40AD
:10623000C2F2000080ED020A7047000041F2A8306F
:10624000C2F20000006880ED010A70470000000003
:10625000B0B52DED028B40F65440C2F2000000783C
:1062600041F2A8350228C2F2000523D0012842D10C
:1062700040F2A840C2F20000002947D0B0F9301027
:106280004FF67060B1F5C87FCFF6FF70A8BF4FF42E
:10629000C87111F5C87FC8BF0846FAF7A9F99FED84
:1062A000600B53EC102BFAF7FEF8FAF7C5F9FAF782
:1062B000B0F935E0286840F6FC4490ED010A40F65C
:1062C0004C50C2F20000D0ED000A40F64850C2F235
:1062D000000090ED001A40F22410C2F20000C2F259
:1062E0000004D0ED7A1A90ED802A204684ED020A4F
:1062F000FFF7B8FE7DE028680021016040F224111C
:10630000C2F20001D1F8E811416075E0B0F9260051
:10631000FAF76EF99FED440B53EC102BFAF7C3F824
:106320002C6841EC180B6068FAF773F953EC182BE2
:10633000FAF741F8FAF780F9606040F2A840C2F23B
:1063400000004FF48071FFF799FA40F65341C2F212
:1063500000010B780246B3FA83F4002818BF01222B
:106360006409224001D0012002E010B90BB10020E5
:10637000087092B128680121017540F2A86190ED82
:10638000010A9FED2B1AC2F200010A8830EE010AC1
:1063900080ED010A42F0020008802868017DC9B141
:1063A00040F22411C2F2000190ED011A91ED7A0A37
:1063B000B1EE042A31EE401AB0EEC11AB4EE421A20
:1063C000F1EE10FA1EDDD1ED800A40F6AC44C2F2C7
:1063D00000040BE040F22410C2F2000090ED7A0AB3
:1063E000D0ED800A40F66044C2F200042046FFF778
:1063F0009DFEE06A29680860286890ED000ABDECFF
:10640000028BB0BD40F2A862C2F2000213880021E4
:10641000017523F002001080EEE700BF00BF00BF4F
:106420000000000000208C400000000000C8B940BF
:106430000000344341F27430C2F20000006880ED85
:10644000010A704700000000F0B581B02DED028B0D
:1064500040F62440C2F20000007841F2743602286F
:10646000C2F2000618D0012831D140F2A840C2F291
:10647000000089B3B0F932104FF67060B1F5C87FF3
:10648000CFF6FF709FED4C8BA8BF4FF4C87111F58C
:10649000C87FC8BF084622E0306840F22415C2F227
:1064A000000540F6443490ED010AD5ED790AC2F2B8
:1064B0000004B3EE041A204601F01EFA94ED100A0F
:1064C000D5ED7F0A40F6B434C2F200045CE03068D7
:1064D0000021C0E9001165E0008D9FED398B00B20D
:1064E000FAF786F853EC182BF9F7DDFFFAF7A4F862
:1064F000376808EE100A786140F2B40097ED010A9F
:10650000C2F20000806930EE080A87ED010AFAF74E
:1065100080F89FED2D0B044653EC102B0D46FAF737
:1065200031F830B9B5EE408AF1EE10FAC4BFB8695F
:1065300078609FED270B204653EC102B2946FAF785
:106540003CF830B9B5EE408AF1EE10FABCBFB8693C
:10655000786040F22415C2F2000540F6601497ED11
:10656000010AD5ED790AC2F20004B3EE041A2046FE
:1065700087ED060A01F0C0F994ED100AD5ED7F0A07
:1065800040F6D014C2F20004204601F05DFA94ED0A
:10659000100A40F25040C2F20000FEF7E5FD3068FC
:1065A00080ED000A306890ED000ABDEC028B01B06E
:1065B000F0BD00BF00BF00BF0000000000509440CD
:1065C0000000000000C8A94062A1D634EFB8034023
:1065D0006DE7FBA9F1D2F73F80B52DED028B22EEDE
:1065E000025A21EEA16A36EE055A22EEA26A36EE72
:1065F000056A45F6DF1C16EE102AC5F6377CACEBB3
:106600006202BEEE005A04EE902A26EE056A26EEDD
:10661000246A66EE245AB7EE086AD0ED873A90ED08
:10662000887A90ED894A90ED8A3A75EE865A65EE41
:10663000A44A63EE845A64EEA11A24EE822A64EE20
:10664000A22A67EE034A74EEE54A63EE875A64EEC7
:10665000036A75EEA65A63EEA36A67EE077A76EED2
:10666000E76A64EE047A76EEE76A63EE037A76EE22
:10667000A76A75EEA55A74EEA44A22EE268A66EE43
:10668000A16A24EE822A61EEA51A40F2B06E65EE90
:10669000A27A31EEC22AC2F2000EDFED5B1A78EE6A
:1066A000677A62EEA42ADEED004A40F2B46367EE38
:1066B000A15AC2F2000372EEE62A75EEA44AD3EDA7
:1066C000005A40F2B86140F27C6262EEA16AC2F206
:1066D0000001C2F2000276EEA55AD1ED006A92EDF9
:1066E000008A62EE211A41F2703271EEA61A68EE4B
:1066F000276AC2F2000236EE800AD2ED006A68EE26
:10670000222ACEED004A66EEA44A72EEA00A66EE98
:10671000A52A28EE022A34EE800A72EEA00A32EE92
:10672000011A26EEA12AC1ED001A32EE011A20EE5E
:10673000842A67EE401A31EEC22A63EE011ADFEDB9
:10674000332A32EE612A22EE222A33EE822A64EEC6
:10675000011A62EE003A73EEA11A63EE203A71EE6E
:10676000E31A61EEA21A37EE217A61EE071A62EEA1
:10677000203A73EEE11A63EE003A73EEA11A61EE6D
:10678000A21A34EE214A60EE870A22EE011A31EE97
:10679000201A24EE000A31EE400A20EE220A33EEDF
:1067A000000A27EE071A22EE023A33EE011A24EE0F
:1067B000043A33EE011A20EE003A33EE011A11EEDC
:1067C000101AACEB610121EE051A03EE101A21EE4E
:1067D000031A21EE031A31EE061A21EE031A22EEF5
:1067E000012A27EE013A24EE014A20EE010AC3ED08
:1067F000005A80ED872A80ED883A80ED894A80ED45
:106800008A0ABDEC028B80BD6F12833A6F12033A85
:1068100090ED6F0A90ED722A9FED5B5A90ED701A21
:1068200090ED734A30EE420A80EE053A31EE440AAA
:1068300090ED711A90ED742A80EE050A31EE421A3D
:1068400081EE052A90ED941A33EE411AB0EEC14A5A
:10685000B1EE0C1AB4EE414AF1EE10FA80ED7B3A3B
:1068600080ED7C0A80ED7D2A0FDD90ED984AB0EE38
:10687000005AB4EE454AF1EE10FA06DAB7EE003AE5
:1068800034EE033A80ED983A17E090ED904AB0EE7E
:10689000C35AB0EEC44AB4EE445AB0EE434A0021A3
:1068A0009FED3A6AF1EE10FAB8BFB0EE464A80EDBD
:1068B0007E4A80ED943AC0F8601290ED953A32EE3F
:1068C000433AB0EEC33AB4EE413AF1EE10FA0FDDBE
:1068D00090ED993AB0EE004AB4EE443AF1EE10FA77
:1068E00006DAB7EE002A33EE022A80ED992A17E085
:1068F00090ED903AB0EEC24AB0EEC33AB4EE434ADD
:10690000B0EE423A00219FED215AF1EE10FAB8BFE5
:10691000B0EE453A80ED803A80ED952AC0F86412D9
:1069200090ED962A30EE422AB0EEC22AB4EE412A09
:10693000F1EE10FA0FDD90ED9A1AB0EE002AB4EEE7
:10694000421AF1EE10FA06DAB7EE000A31EE000A4A
:1069500080ED9A0A704790ED901AB0EEC02AB0EE22
:10696000C11AB4EE412AB0EE401A00219FED073A59
:10697000F1EE10FAB8BFB0EE431A80ED7F1A80ED49
:10698000960AC0F8681270476F12833A0000000040
:1069900070B598B08568068A044692208DF800008C
:1069A000284631460022FBF74BF820686946012251
:1069B00040F2E733FBF706FD206808A9072240F202
:1069C000E733FBF74DFC284631460122FBF738F848
:1069D000DDF82110BDF825000091ADF80400BDF9E7
:1069E0000000BDF9021000EE100ABDF90400E568D0
:1069F000668A01EE101A02EE100A8220B8EEC00A72
:106A0000B8EEC11AB8EEC22A8DF8200028463146E9
:106A1000002284ED070A84ED081A84ED092AFBF7A9
:106A20000FF8206808A9012240F2E733FBF7CAFCFF
:106A300020686946062240F2E733FBF711FC28463E
:106A400031460122FAF7FCFFBDF90000BDF9021042
:106A5000BDF9042000EE100A01EE101A02EE102A11
:106A6000B8EEC00AB8EEC11AB8EEC22A84ED130A15
:106A700084ED141A84ED152A18B070BD10B52DEDF3
:106A8000088B044600F06AFB04F1DC00D0EC031A2A
:106A900004F1E80090EC030A2046FFF79DFD94ED19
:106AA000870A94ED881A94ED892A94ED8A3AB8EE13
:106AB000008A84ED810A84ED821A21EE081A30EEF4
:106AC000000A20EE020A21EE031A31EE000A84EDDC
:106AD000832A84ED843A01F08FF99FED2F9A9FED80
:106AE0002FAA20EE090A80EE0A0A94ED832A94ED7B
:106AF000821A94ED843A32EE024A24EE033A22EEF0
:106B0000042AB7EE00BA84ED6F0A94ED810A30EEE4
:106B1000000A20EE010A33EE000A21EE083A23EEC5
:106B2000011A31EE421A71EE0B0A01F0FBF920EE68
:106B3000090A80EE0A0A94ED821A94ED832A94EDF4
:106B4000843A31EE011A21EE021A23EE084A84ED4E
:106B5000700A94ED810A30EE000A20EE030A31EE4D
:106B6000000A22EE081A23EE043A21EE021A31EE50
:106B7000031A71EE0B0A01F0D5F920EE090A80EE36
:106B80000A0AD4E96F01C4E9750184ED710A84ED44
:106B9000770ABDEC088B10BD00003443DB0F494081
:106BA00090ED742A90ED771A9FED360A31EE422A65
:106BB000B4EE402A4FF6FF71F1EE10FA4FF6FF7275
:106BC00007DC9FED313AB4EE432AF1EE10FA03DA16
:106BD0000122838A1A448282B0F914204FF4B473DC
:106BE0005A4302EE102AB8EEC22A31EE022A90ED84
:106BF000751A90ED723A80ED7A2A31EE432AB4EE9E
:106C0000402AF1EE10FA4FF6FF7207DC9FED1E3AB4
:106C1000B4EE432AF1EE10FA03DA0122C38A1A44D1
:106C2000C282B0F916204FF4B4735A4302EE102A10
:106C3000B8EEC23A90ED762A90ED734A31EE033AFF
:106C400032EE441AB4EE401AF1EE10FA80ED783AC2
:106C500007DC9FED0D0AB4EE401AF1EE10FA03DAEC
:106C60000121028B11440183B0F918104FF4B47262
:106C7000514300EE101AB8EEC00A32EE000A80ED61
:106C8000790A704700003443000034C32DE9F04F07
:106C900099B08568068A04467E204FF0B6088DF8C4
:106CA00003002846314600228DF823804FF000096A
:106CB000FAF7C6FE20680DF10301012240F2E73326
:106CC000FBF780FB20680DF12301012240F2E7333E
:106CD000FBF778FB284631460122FAF7B1FE012086
:106CE000FAF7CEFDA668278A4FF0800A304639466B
:106CF00000228DF803A0FAF7A3FE20680DF103012E
:106D0000012240F2E733FBF75DFB20680DF1230120
:106D1000022240F2E7330225FBF7A2FA3046394659
:106D20000122FAF78DFE9DF824008DF8030005205E
:106D3000FAF7A6FDA668278A3046394600228DF864
:106D400063A0FAF77DFE20680DF16301012240F295
:106D5000E733FBF737FB20680DF12301022240F2F5
:106D6000E733FBF77DFA304639460122FAF768FE31
:106D70009DF824001E288DF8030040F0C081A5680E
:106D8000268A7C208DF863002846314600228DF843
:106D90002390FAF755FE20680DF16301012240F2BD
:106DA000E7334FF00109FBF70DFB20680DF12301DC
:106DB000012240F2E733FBF705FB2846314601226A
:106DC000FAF73EFE0520FAF75BFDA568268A042047
:106DD0008DF823007D208DF863002846314600227F
:106DE000FAF72EFE20680DF16301012240F2E7332D
:106DF000FBF7E8FA20680DF12301012240F2E733A6
:106E0000FBF7E0FA284631460122FAF719FE0A207C
:106E10000A27FAF735FDA568268A40208DF8630019
:106E20002846314600228DF82370FAF709FE2068C3
:106E30000DF16301012240F2E733FBF7C3FA20684A
:106E40000DF12301012240F2E733FBF7BBFA28469C
:106E500031460122FAF7F4FD94F82D02A568268A3E
:106E60008DF8230041208DF863002846314600222A
:106E7000FAF7E6FD20680DF16301012240F2E733E5
:106E8000FBF7A0FA20680DF12301012240F2E7335D
:106E9000FBF798FA284631460122FAF7D1FD022085
:106EA0004FF0020BFAF7ECFCE568668A14208DF8C7
:106EB00063002846314600228DF82380FAF7C0FD92
:106EC00020680DF16301012240F2E733FBF77AFA03
:106ED00020680DF12301012240F2E733FBF772FA3B
:106EE000284631460122FAF7ABFD1E20FAF7C8FC0E
:106EF000E568668A2846314600228DF823A0FAF715
:106F00009FFD20680DF12301012240F2E733FBF7DA
:106F100059FA20680DF10301012240F2E733FBF733
:106F20009FF9284631460122FAF78AFD9DF80300B1
:106F30000F2840F0DC80E568678A10208DF8630038
:106F40002846394600228DF823B00026FAF778FD4E
:106F500020680DF16301012240F2E733FBF732FABA
:106F600020680DF123084146012240F2E733FBF788
:106F700029FA284639460122FAF762FD94F82C02D4
:106F8000E568678A8DF823000F208DF86300284696
:106F900039460022FAF754FD20680DF16301012201
:106FA00040F2E733FBF70EFA20680DF123010122CE
:106FB00040F2E733FBF706FA284639460122FAF792
:106FC0003FFDE568678A3C208DF863002846394616
:106FD00000228DF82390FAF733FD20680DF163014C
:106FE000012240F2E733FBF7EDF920680DF12301B0
:106FF000012240F2E733FBF7E5F928463946012242
:10700000FAF71EFD4FF0BC0A0DF10309E768658A27
:107010003846294600228DF823A0FAF711FD206892
:107020004146012240F2E733FBF7CCF9206849469C
:10703000012240F2E733FBF713F9384629460122D3
:10704000FAF7FEFC272E54D29DF803500A20013691
:10705000FAF716FCA807D9D50120FAF711FCE56864
:10706000668ABC208DF82300284631460022FAF7B4
:10707000E7FC20680DF12301012240F2E733FBF722
:10708000A1F920680DF10301012240F2E733FBF77B
:10709000E7F8284631460122FAF7D2FC9DF80300B2
:1070A00040072BD494F92D02032804D816A151F8D7
:1070B0002000C4F8340294F92C02042804D816A144
:1070C00051F82000C4F8300204F11C00C021F9F787
:1070D000B1F86068FBF7C8FC40F2BC6043F22201E3
:1070E000C2F20000C3F642710025016007E00325EB
:1070F00005E004F11C00C021F9F79CF8052528469D
:1071000019B0BDE8F08F00BFE7416B3A3333EB3A7B
:1071100033336B3B3333EB3B6F1283416F120342CC
:107120006F1283426F1203436F12834310B50446FC
:10713000D0F8BC0104F5E473D4E9701207C320460B
:10714000FFF726FC2046FFF799FC2046FFF728FDB5
:107150002046BDE81040FFF75BBB000040F66052E0
:10716000C2F20002117890ED070A61B390ED451A62
:1071700090ED462A30EE410A90ED081A90ED473A1C
:1071800090ED094A90ED135A80ED480A90ED5D0AA2
:1071900031EE421A90ED146A34EE432A80ED491A1A
:1071A00090ED5E1A35EE400A80ED4A2A90ED5F2A96
:1071B00080ED600A90ED150A36EE411A80ED611AF5
:1071C00030EE420A0BE0D0E9081380ED480AC0E92E
:1071D0004913D0E9131390ED150AC0E96013B0F814
:1071E000501140F6B733994280ED620A00F2E88010
:1071F00001BB00224FF60063C0E907224262C0E9EA
:1072000013224265C0E95122C0F84C21C0E96C222A
:10721000C0F8B8214FF04742C4F2FF63C0E93F22F3
:10722000C0E94123C0E94333C0E95722C0E95923EB
:10723000C0E95B3390ED070A90ED3F1A0131B4EEDF
:10724000410AF1EE10FAC8BF80ED3F0A90ED081A2E
:1072500090ED402AB4EE421AF1EE10FAC8BF80ED6C
:10726000401A90ED092A90ED413AB4EE432AF1EE2E
:1072700010FAC8BF80ED412A90ED423AB4EE430ABD
:10728000F1EE10FAB8BF80ED420A90ED433AB4EE49
:10729000431AF1EE10FAB8BF80ED431A90ED443A6C
:1072A000B4EE432AF1EE10FAB8BF80ED442A90ED17
:1072B000133A90ED574AB4EE443AF1EE10FAC8BFD3
:1072C00080ED573A90ED144A90ED585AB4EE454A85
:1072D000F1EE10FAC8BF80ED584A90ED155A90EDC6
:1072E000596AB4EE465AF1EE10FAC8BF80ED595A09
:1072F00090ED5A6AB4EE463AF1EE10FAB8BF80ED5E
:107300005A3A90ED5B6AB4EE464AF1EE10FAB8BF15
:1073100080ED5B4A90ED5C6AB4EE465AF1EE10FAED
:10732000B8BF80ED5C5A90ED516A90ED527A30EE24
:10733000060A31EE071A80ED510A90ED6C0A80EDD5
:10734000521A90ED6D1A33EE000A80ED6C0A34EE9D
:10735000010A90ED6E1AD0ED571A80ED6D0A35EEE8
:10736000010A90ED5A1A80ED6E0A9FED470AD0EDA2
:10737000530A31EEC11AB4EE401A32EE202AF1EE71
:1073800010FA80ED532AA0F8501115DC90ED581A30
:1073900090ED5B2A31EE421AB4EE401AF1EE10FA8B
:1073A0000ADC90ED591A90ED5C2A31EE421AB4EEE7
:1073B000401AF1EE10FA2DDD0021A0F8501129E05D
:1073C00000EE101A90ED511A90ED522A90ED533ABA
:1073D00090ED6C4A90ED6D5A90ED6E6AB8EE400AF1
:1073E00081EE001A82EE002A83EE003A84EE004A13
:1073F00085EE005A86EE000A0121117080ED451AD3
:1074000080ED462A80ED473A80ED5D4A80ED5E5A78
:1074100080ED5F0A90ED600A9FED1D1A90ED613AD4
:1074200090ED624A9FED1B2A20EE010A23EE013AFD
:1074300024EE011A80EE020A83EE023A81EE021A6D
:107440009FED152A9FED114A90ED085A25EE045A3A
:1074500080ED385A80EE020A83EE023A81EE021A7B
:1074600090ED072A22EE042A80ED372A90ED092AB2
:1074700022EE042A80ED392A80ED3A0A80ED3B3A6B
:1074800080ED3C1A704700BF000096420000003AB1
:10749000DB0F49400000344333338341B0B582B041
:1074A00090ED134A90ED123AB4EE404A0446F1EEE4
:1074B00010FAB0EE445A08DBB4EE403AB0EE405A4F
:1074C000F1EE10FAC8BFB0EE435A34EE430A9FED16
:1074D0005A4A35EE433A23EE043A83EE003A94EDED
:1074E000150A94ED144AB4EE600AF1EE10FAB0EE0B
:1074F000405A08DBB4EE604AB0EE605AF1EE10FA82
:10750000C8BFB0EE445A30EE446A9FED4C0A35EEE7
:10751000444A24EE004A84EE064A94ED176A94ED3C
:10752000165AB4EE416ABDEEC33AF1EE10FAB0EE6F
:10753000467A08DBB4EE415AB0EE417AF1EE10FA29
:10754000C8BFB0EE457A36EE451A37EE455A25EEFD
:10755000005A85EE015ABDEEC41A94ED194A13EE95
:1075600010EAB4EE614AF1EE10FABDEEC53A13EE40
:1075700010CA94ED183AB0EE445A08DBB4EE613A02
:10758000B0EE615AF1EE10FAC8BFB0EE435A34EED5
:10759000434A35EE433A23EE003A83EE043A11EEC5
:1075A000100ABDEEC31A94ED1B3A11EE103A94ED99
:1075B0001A1AB4EE423AF1EE10FAB0EE434A08DB82
:1075C000B4EE421AB0EE424AF1EE10FAC8BFB0EE85
:1075D000414A33EE412A34EE411A21EE000A80EE90
:1075E000020A4FEA1E258DF8005005098DF8025059
:1075F0004FEA1C2545EA00108DF8030018098DF8A4
:1076000005008DF801E08DF804C0BDEEC00A10EE53
:10761000102A100A40EA03108DF8060060688DF801
:1076200007206A4600F018F984F8440010B1216C74
:107630000131216402B0B0BD00FF7F4700F07F45FB
:1076400010B582B004464FF0FF30CDF80300009033
:10765000FC2260688DF807206A4600F0FDF884F887
:10766000440010B1216C0131216402B010BD000052
:1076700041680388CA699A421CBF0120704780B5DF
:1076800091F8382090ED120A02F00F02028191F871
:10769000382090ED131A12094281B1F8392090ED8B
:1076A000142A92FA92FCC0F80CC091F83B3091F881
:1076B0003C201B0143EA121EC0F810E091F83C3058
:1076C00004EE10CA91F83D2090ED153A31EE401AC3
:1076D000B8EEC44A9FED215A03F00F0321EE041ABD
:1076E00004EE10EA42EA032281EE051A33EE423A32
:1076F000B8EEC44A90ED1A5A90ED1B6A23EE043A94
:107700009FED174A07EE102A36EE456AB8EEC77AA3
:1077100083EE043A26EE076A86EE044A426130EEB2
:10772000010A80ED060A32EE030A80ED070A35EE03
:10773000040A80ED080A91F83E2000EE102AB8EE07
:10774000400A80ED090A91F83F1000EE101AB8EED9
:10775000400A80ED0A0A002080BD00BF00FF7F477D
:1077600000F07F4541680388CA699A421CBF012026
:1077700070470A8F12BA120C02814B8F1BBA1B0C76
:1077800043818B8F1BBA1B0C838191F83E10037EC3
:10779000817311B213B901220276C16110B5C269B9
:1077A0004EF678438A1ACFF6FF739A4204DA4FF006
:1077B000010C41F6FF7E09E041F289339A420BDB6E
:1077C0004EF2010E4FF0FF3CCFF6FF7ED0E90434BD
:1077D00073446444C0E904340369C1611A4402611A
:1077E000002010BDF0B58BB001AF0E460446384600
:1077F00028211546F8F71EFD002084F85000CDE939
:107800000660CDE90100CDE9030094F848000821A5
:107810006161012105902068CDE9081139460A957A
:10782000F9F7E8F9002818BFF9F7A4F82068F9F784
:10783000E3FD002818BFF9F79DF894F84810206878
:10784000002914BF10210221F9F774F908B1F9F7E2
:1078500091F80BB0F0BD0000F0B581B005460646CA
:107860000068174646F8041FF9F7C2FA044628686C
:1078700005F14C0331463A4685F8504001B0BDE869
:10788000F040F9F76BB90000D0F800C090F848104C
:1078900000F11C0200F138036046F9F71DBA000040
:1078A000B0B582B00446DDE9065C100A8DF8000030
:1078B000180A8DF80200280A8DF804004FEA1C20EF
:1078C0008DF8060020688DF8055025468DF80120BA
:1078D0008DF803308DF807C045F8041FF9F788FAD2
:1078E00084F85000206804F14C036A462946F9F7F1
:1078F00035F902B0B0BD000030EE602A90ED010A0B
:1079000090ED043A22EE000A90ED0A4AB1EE435A95
:10791000B4EE430A80ED002AF1EE10FAB4EE450A07
:10792000B0EEC22AC8BFB0EE430AF1EE10FAB4EED0
:10793000442AB8BFB0EE450AF1EE10FA80ED0C0A09
:10794000BCBF0021016090ED002A90ED0B3AB0EE33
:10795000C24AB4EE434AF1EE10FA1CDA90ED023A54
:1079600090ED0D5A90ED054A23EE023A33EE053ABA
:10797000B1EE445AB4EE443AF1EE10FAB4EE453AA0
:10798000C8BFB0EE443AF1EE10FAB8BFB0EE453AD7
:1079900080ED0D3A0AE090ED0D3A22EE033AB5EE95
:1079A000403AF1EE10FABCBF0021416340F6545159
:1079B000C2F200010A7890ED194A90ED033A002ACC
:1079C00032EE444A02BF01220A7080ED094A90ED6E
:1079D000097A90ED065A34EE474A21EE041A31EE48
:1079E000071AD0ED0D0A80ED091A23EE011AB1EE47
:1079F000453AB4EE451A90ED076AF1EE10FAB4EE8E
:107A0000431AC8BFB0EE451A30EE200AF1EE10FA64
:107A1000B8BFB0EE431A30EE010A80ED0E1AB1EE97
:107A2000461AB4EE460AF1EE10FAB4EE410AC8BFA7
:107A3000B0EE460AF1EE10FAB8BFB0EE410A80EDA2
:107A4000100A80ED192A704730EE600A90ED0A1A8C
:107A5000B0EEC02AB4EE412AF1EE10FA80ED000A31
:107A6000BCBF0021016090ED000A90ED0B1AB0EE52
:107A7000C02AB4EE412AF1EE10FA18DA90ED081A95
:107A800090ED052A30EE011AB1EE423AB4EE421AF8
:107A9000F1EE10FAB4EE431AC8BFB0EE421AF1EE9E
:107AA00010FAB8BFB0EE431A80ED081A01E00021C9
:107AB000416390ED011A90ED022A90ED084A20EE04
:107AC000011A22EE042A90ED0E4A90ED073A80ED5D
:107AD0000C1A31EE021A31EE041A80ED0D2AB1EEC5
:107AE000432AB4EE431AF1EE10FAB4EE421AC8BFBC
:107AF000B0EE431AF1EE10FAB8BFB0EE421A80EDC4
:107B0000101A80ED1A0A704740F65850C2F2000071
:107B10000068704710B50446012898BF012400BFD3
:107B2000204600F055FB002818BF10BDFFF7ECFF02
:107B300008B18047F4E7002010BD0000F9F79AFF74
:107B4000FDF796F9FBF79AFFFBF74AFFFBF706FFF5
:107B5000FBF726FFFCF702F8FCF736F9FCF752F9C1
:107B6000FCF76EF9FCF78AF9FCF71EF8FCF75AF8F7
:107B7000FCF796F8FCF7BEF8FCF7E6F840F2DC50AC
:107B8000F9F77EFE40F2A844C2F200042046FEF758
:107B90000FF92046FEF7AAF80520F9F771FE40F22A
:107BA0000C00C2F2000000210022FFF71BFE40F291
:107BB0006000C2F2000001210122FFF713FE052040
:107BC000F9F75EFEFCF77EF90520F9F759FE40F261
:107BD000B400C2F200000221FFF732FD40F224108F
:107BE000C2F20000FFF752F840F29431C2F20001F5
:107BF00008700A20F9F744FE41F26000C2F200006A
:107C0000FAF732FF41F28010C2F20000FAF72CFFBF
:107C100041F2F000C2F20000FAF726FF41F23810FC
:107C2000C2F20000FAF720FF40F28C40C2F20000DE
:107C3000FDF7B4FA40F27040C2F20000FDF7AEFA70
:107C400040F26060C2F20000FDF7A8FA40F2504036
:107C5000C2F20000FDF7A2FA40F29830C2F2000032
:107C6000FDF79CFA40F23440C2F20000FDF796FAAC
:107C700040F2004841F26C3940F65E4A40F65C54EE
:107C800041F2A83B41F2E82541F25827C4F202082C
:107C9000C2F20009C2F2000AC2F20004C2F2000BF2
:107CA000C2F2000516A6C2F2000700BF404620211E
:107CB0000122F9F7C5FEFDF7C3F9D9F800009AF8DB
:107CC0000010FEF719F92068FDF73AFBFDF724F8DC
:107CD000DBF8000090ED010AFEF79CFA2068006DC9
:107CE000F8F797FC02460B462846314600F00CF8A0
:107CF00082B2384629464FF6FF73FBF76DFDD5E794
:107D0000252E32660A0000000FB4084B10B504A9F6
:107D100002AA039800F04EFB044602A9002000F0DE
:107D2000E0FE204610BC5DF814FB0000E38A00086A
:107D30004100080218BF04200A0E18BF40F00100DD
:107D40004FF07F4232EA010108BF40F002000128F3
:107D500008BF0520704700002DE9F0430B30DFF825
:107D6000889020F007050027A1F1010C1F4C21E0AD
:107D7000061D724203680CEA0202934219D39E1A4E
:107D8000AE4216D34AB1861850F8044F9B1AC6E982
:107D9000003440E9012604463046AB4205D95B1B5E
:107DA00042194668C2E9003600E04268226020C0FD
:107DB00004E0041D20680028DAD13846002803D1E9
:107DC000D9F8000010B10020BDE8F083074B084847
:107DD0001860084B1B1A23F00703C0E90037012085
:107DE000C9F80000C0E700000800002004000020DF
:107DF000B4130020B01B002010B54FF00E402DED45
:107E0000028BB0EE408A18EE104A00EB4400B0F14D
:107E1000506F4AD84FF0FC40B0EB440F22D2B0EE86
:107E2000C80AF7EE000A30EEC00AF6EE000A60EE6D
:107E3000208A18EE900A00F059FE01EE100A14F0A4
:107E4000004F1DBFDFED2D0A9FED2D0AB1EE411A47
:107E5000DFED2C0A08BF9FED2C0AF8EE001A21EE88
:107E6000218A05E0DFED290A68EE088AB0EE600A93
:107E70009FED271ADFED271A30EE080A48EE811A27
:107E80009FED251A08EEA11ADFED241A48EE811A9B
:107E90009FED231A08EEA11A68EE281ABDEC028B9A
:107EA00001EE810A30EE200A10BD4FF0E440B0EB45
:107EB000440F0CD918EE100AFFF73AFF042808BF48
:107EC00000F098F9B0EE480ABDEC028B10BD4FF0FF
:107ED0007F40B0EB440F07D2B0EE480ABDEC028BF6
:107EE000BDE8104000F077B9012000F09BF9BDEC2F
:107EF000028BBDE8104000F075B900000000C9BF5A
:107F000022AAFDB90000C93F22AAFD3900000000E5
:107F100024FE1C3DC78AD83C1E67383D1B93993D03
:107F2000AFAA2A3E70B54FF068422DED048BF0EEFB
:107F3000408A18EE900AB0EE608A18EE101A02EB32
:107F40004003B3F1654F3CBF02EB4102B2F1654F14
:107F50007DD200BFC0F3C753C1F3C7529A1A1B2A80
:107F600009DD10F0004F14BF9FED830A9FED830AD7
:107F7000BDEC048B70BD12F11A0F36DA11F0004F10
:107F800009D010F0004F0CBF9FED7D0A9FED7D0AD8
:107F9000BDEC048B70BD88EE889A19EE100AFFF7CD
:107FA000C7FE042808BF00F025F918EE900AFFF775
:107FB000BFFE054618EE100AFFF7BAFE044619EE9A
:107FC000100AFFF7B5FE042D18BF052D08D1042CAB
:107FD00018BF052C04D1002804BF022000F022F9AC
:107FE000B0EE490ABDEC048B70BD4200B2EB410F0C
:107FF0003AD910F0004F19BFDFED630A9FED630A15
:10800000DFED630A9FED630AB0EE481A0A46B1EE4F
:10801000688A80F00041F0EE418A10460A1A520048
:10802000B2F1807F34D2484010F0004FDFED5A1A91
:108030009FED5A2A1DBFBEEE001A70EEE10A30EE27
:10804000420AB6EE001A08BF70EEA10A00E040E056
:1080500008BF30EE020AB0EE682A01EE482A08EEA8
:10806000818AC2EE081A15E011F0004F04BF9FED9F
:108070004C0AF0EE400AD1D010F0004F19BFDFEDEE
:10808000490A9FED490ADFED490A9FED490AC5E714
:10809000C8EE881A21EEA11A9FED462ADFED462A86
:1080A00041EE022A9FED452A01EE222ADFED442A05
:1080B00041EE022A9FED432ABDEC048B01EE222AF9
:1080C00021EE811A01EE020A30EE210A30EE200A7A
:1080D00070BD4FF07F42B2EB400F28BFB2EB410FB3
:1080E00009D2F0EE480AB0EE680ABDEC048BBDE898
:1080F000704000F073B840EA01035B0008BF41F034
:10810000FF410BD0B2EB400F08BFB2EB410F08D1DB
:1081100020F0804008EE900A21F0804108EE101A0D
:1081200018E7B2EB400F12BF5FEA410340F0FF4097
:1081300001F000413FF40EAFB2EB410F12BF5FEA16
:10814000400200F0004041F0FF413FF403AF4A001D
:1081500092EA40033FF5FEAE002AACBF9FED1A0A3B
:108160009FED1A0A68EE808A28EE008A18EE900ABF
:1081700018EE101AEEE60000DB0FC9BFDB0FC93F97
:10818000DB0F4940DB0F49C00000C9BF22AAFDB97F
:108190000000C93F22AAFD390060ED3EC30ACE3778
:1081A00000000000000049C022AA7DBA000049403A
:1081B00022AA7D3A2DAD65BD8FB8D53D0FB511BE54
:1081C00061C84C3EA8AAAABE0000804F0000802FC4
:1081D0000721FFF7C1BD30EE000A704730EE200ADC
:1081E00070470000DFED020A80EEA00A7047000031
:1081F000000000009FED020A20EE000A7047000018
:108200000000001002E008C8121F08C1002AFAD1BD
:1082100070477047002001E001C1121F002AFBD106
:10822000704700000149086070470000000000200E
:108230002DE9FF5F82B00021DDE90430020DDDF899
:1082400040B0034318D044F61050A2F2FF3242432C
:108250001514119801281FD0A5EB0B00401C5FEAF4
:10826000000A4FF000064E4FDFF83891B0465046F6
:1082700015D5CAF1000413E0119801244AA301287E
:1082800001D16FEA0B010298119AC0E90031C0E9EF
:10829000024206B0BDE8F09FCBF10000DFE70446E4
:1082A0000021404A491842EB0450CDE9001012E089
:1082B000E00707D032463B4640464946F8F781F88A
:1082C0008046894632463B4610461946F8F779F80B
:1082D00006460F466410002CEAD1DDE90401DDE911
:1082E0000023BAF1000F06DAF8F76BF842464B4666
:1082F000F8F767F805E0F8F7D6F842464B46F8F786
:10830000D2F804460E460022284BF8F7A5FA03D807
:108310004FF0FF30014607E00022254B2046314652
:10832000F7F7A8FFF8F77FFA102409E0002C0ADB22
:108330000A220023F7F746FF039B30321A55641ECA
:1083400050EA0102F2D1641C039AC4F111031444EF
:10835000119A012A03D0012208430DD10AE00843F3
:1083600004D000204FF0110B119072E7A3EB0B0526
:108370006D1E0DE05B4504DD4FF0000205F10105C7
:1083800004E003DA4FF00002A5F10105002AECD069
:1083900002981199C0E90231C0E9004579E700006F
:1083A000000014400000F03F300000000000F043E7
:1083B0000000E03F2DE9FF4F95B09B4689460646F9
:1083C00000250FE2252877D100242746F84A01210D
:1083D000059400E0044316F8013F203B01FA03F046
:1083E0001042F7D130782A2811D06FF02F0330785F
:1083F000A0F13002092A16D8059A44F0020402EBD3
:10840000820203EB42021044761C0590EFE759F814
:10841000042B0592002A03DA504244F400540590DC
:1084200044F00204761C30782E2816D116F8010F7D
:1084300044F004042A280DD06FF02F023078A0F108
:108440003003092B09D807EB870302EB4303C71856
:10845000761CF3E759F8047B761C30786C280FD033
:1084600006DC4C2817D068280DD06A2814D104E007
:10847000742810D07A280FD10DE044F400140AE0DB
:1084800044F4801401E044F440147278824202D132
:1084900004F58014761C761C307866280BD013DC2B
:1084A000582877D009DC002875D04528F6D0462812
:1084B000F4D047281AD19DE118E0632835D064280C
:1084C00079D0652812D195E1702873D008DC67282F
:1084D000F1D069286FD06E280DD06F2806D1B5E095
:1084E00073282CD0752875D0782874D05A461799DF
:1084F00090476D1C75E1C4F30250022809D003288F
:108500000DD0D9F8001004280DD00D6009F1040930
:1085100067E1D9F80010EA17C1E90052F6E7D9F887
:1085200000100D80F2E70D70F0E719F8041B8DF8CC
:10853000001000208DF80100EA46012003E059F800
:1085400004AB4FF0FF3061074FF0000102D40DE0A3
:1085500008F101018846B9420FDA8045F8DB1AF8C4
:1085600008100029F4D108E008F101018846814291
:10857000FADB1AF808100029F6D105985B46A0EB43
:10858000080721463846179A00F094FA284400EB71
:10859000080507E04DE029E10DE01AF8010B5A4605
:1085A00017999047B8F10108F7D25B462146384643
:1085B000179A13E142E00A220092C4F302524FF0EC
:1085C000000A022A08D059F804CB032A4FEAEC71BA
:1085D0000AD00DE029E02AE009F1070121F00702A5
:1085E000F2E802C1914609E00FFA8CFC4FEAEC7107
:1085F000042A03D14FFA8CFC4FEAEC71002907DA08
:108600000A460021DCF1000C61EB02012D2202E0A0
:10861000220504D52B228DF80420012203E0E20775
:1086200001D02022F7E7904659E00A2102E010220B
:108630000DE010214FF0000A00910BE010224FF0E6
:10864000000A44F004040827009203E008224FF0D7
:10865000000A0092C4F30252022A05D059F804CB52
:108660000021032A08D009E009F1070121F00702DF
:10867000F2E802C1914605E01FFA8CFC042A01D100
:108680000CF0FF0C4FF00008220728D5702806D008
:10869000009B83F0100353EA0A0305D00EE040224A
:1086A0008DF80420012208E05CEA010206D03022A5
:1086B0008DF804208DF8050002229046009B83F07F
:1086C000080353EA0A030AD15CEA010201D16207F6
:1086D00005D530228DF804204FF001087F1E582860
:1086E00004D034A003900EA802900DE036A0F9E764
:1086F00053466046009AF7F765FD84460398825C0E
:108700000298401E029002705CEA0100F0D10298CB
:1087100006A9081A00F1200A600702D524F4803463
:1087200000E00127574502DDA7EB0A0000E000202A
:1087300000EB0A01009005984144401A0590E003BF
:1087400006D45B462146179A059800F0B3F9054414
:10875000002706E001A85A46C05D179990476D1C96
:108760007F1C4745F6DBE0030CD55B462146179A94
:10877000059800F09FF9054404E030205A46179907
:1087800090476D1C0099481E00900029F5DC08E018
:10879000029802995A460078491C0291179990470D
:1087A0006D1CBAF10001AAF1010AF1DC65E10000DB
:1087B00009280100303132333435363738396162B7
:1087C000636465660000000030313233343536377B
:1087D00038394142434445460000000000F058F952
:1087E0000544761C307800287FF4ECAD19B028469B
:1087F000BDE8F08F620700D4062709F1070222F0D6
:10880000070CFCE80223E14603F000485FEA080C8D
:1088100002D00FF2702C0DE05FEA045C02D50FF27B
:10882000682C07E05FEAC47C02D00FF2602C01E004
:10883000AFF2700C4FF0FF3823F00043CDF850C07A
:1088400065280CD006DC452809D046281DD04728CD
:108850003DD13DE0662818D067287ED138E0002160
:10886000112F01DB112000E0781CCDE9000106A9E1
:108870000EA8FFF7DDFCDDE90F010E9A0391002140
:10888000009207F1010A04914DE04FF0004000977B
:10889000CDE9011006A90EA8FFF7CAFCDDE90F0219
:1088A00003920E9B11990022DDF80CA00093049214
:1088B00011B9791C00EB010AB7EB0A0004D4C0F12E
:1088C000FF3007F1010A0490AAEB0700019044E091
:1088D000012F00DA01270021112F01DD112000E016
:1088E0003846CDE9000106A90EA8FFF7A1FCDDE995
:1088F0000F010E9A0391002104910092BA462107BC
:108900000CD40399514500DA8A46BAF1010F05DD0E
:10891000009AAAF10101515C302908D0B84202DA6C
:1089200010F1040F06DA0121CDE9011015E0AAF1DA
:108930000101E9E7002805DC049901440491AAEB50
:10894000000102E0411C514500DD8A460499401AAD
:10895000401C01904FF000400290200704D4019881
:10896000504501DBCDF8048000208DF84F000298BF
:108970000DF14F07B0F1004F25D02B200E9002983B
:108980004FF0020800280CDA404202902D200E9091
:1089900007E00A210298F7F76BFE3031029007F8E2
:1089A000011DB8F10001A8F10108F2DC02980028CD
:1089B000EFD1791E0E980870307800F0200040F05A
:1089C000450007F8020D12A8C01B00F10708149813
:1089D000007800B1012000EB0A01019801EBE07181
:1089E00005984144401A401E0590E00306D45B46BA
:1089F0002146179A059800F05DF805441498007810
:108A000018B15A46179990476D1CE00324D55B4670
:108A10002146179A059800F04DF805441CE004988B
:108A2000002807DBDDE90301884203DD0098405C94
:108A3000179901E0179930205A469047049805F19C
:108A40000105401C04900198401E019004D12E2085
:108A50005A46179990476D1CBAF10001AAF1010A14
:108A6000DDDC05E017F8010B5A46179990476D1C9D
:108A7000B8F10001A8F10108F4DC5B462146179A21
:108A80000598ABE62D0000002B0000002000000040
:108A90002DE9F041044600251E461746880404D4FB
:108AA00005E039462020B0476D1C641EF9D52846E4
:108AB000BDE8F0812DE9F041044600251E469046B0
:108AC000C80301D5302700E02027880404D505E03D
:108AD00041463846B0476D1C641EF9D52846BDE8AE
:108AE000F0810A68531C0B601070704710B500EEDF
:108AF000100A2DED028BB1EEC08A18EE100A20F09C
:108B00000040C0F1FF40C00F0AD010EE100A20F064
:108B10000040C0F1FF40C00F04BF0120FFF782FBFF
:108B200018EE100ABDEC028B10BD00000000000022
:108B3000000001020304060708090000000001020A
:108B400003040000891112239B322446AD57366579
:108B5000BF74488CC19D5AAFD3BE6CCAE5DB7EE9B9
:108B6000F7F88110080193331A22A5562C47B775E0
:108B70003E64C99C408DDBBF52AEEDDA64CBFFF999
:108B800076E802218B30100299132667AF763444C1
:108B9000BD554AADC3BC588ED19F6EEBE7FA7CC879
:108BA000F5D983310A2091121803A7772E66B554A0
:108BB0003C45CBBD42ACD99E508FEFFB66EAFDD859
:108BC00074C904428D5316619F702004A915322781
:108BD000BB364CCEC5DF5EEDD7FC6888E1997AAB39
:108BE000F3BA85520C4397711E60A1142805B33760
:108BF0003A26CDDE44CFDFFD56ECE9986089FBBB19
:108C000072AA06638F7214409D512225AB34300640
:108C1000B9174EEFC7FE5CCCD5DD6AA9E3B8788AF8
:108C2000F19B87730E6295501C41A3352A24B1161F
:108C30003807CFFF46EEDDDC54CDEBB962A8F99AD8
:108C4000708B088481951AA793B62CC2A5D33EE1F8
:108C5000B7F04008C919522BDB3A644EED5F766DD0
:108C6000FF7C899400859BB712A6ADD224C3BFF1C7
:108C700036E0C1184809D33B5A2AE55E6C4FF77DB0
:108C80007E6C0AA583B4188691972EE3A7F23CC0A8
:108C9000B5D14229CB38500AD91B666FEF7E744C90
:108CA000FD5D8BB502A499961087AFF326E2BDD087
:108CB00034C1C3394A28D11A580BE77F6E6EF55C70
:108CC0007C4D0CC685D71EE597F42880A1913AA368
:108CD000B3B2444ACD5B5669DF78600CE91D722F50
:108CE000FB3E8DD604C79FF516E4A9902081BBB347
:108CF00032A2C55A4C4BD7795E68E11C680DF33F30
:108D00007A2E0EE787F61CC495D52AA1A3B0388227
:108D1000B193466BCF7A5448DD59622DEB3C700E0F
:108D2000F91F8FF706E69DD414C5ABB122A0B99206
:108D30003083C77B4E6AD5585C49E33D6A2CF11EEF
:108D4000780F000610160006101600004445425524
:108D50005320496E6974204572726F720A000000D8
:108D6000908D00080000002088060000B808000868
:108D7000408E000888060020283500001482000874
:108D80003DBCFFFF39BDFFFFD5BEFFFF0000000067
:108D9000C113780D0250200A45A054B201321222AC
:108DA0000C093B5832031DDC0F49C00422401BF064
:108DB000C10462415BFA43BA19181A4018154041C0
:108DC00008102C20381170130240150802401002C0
:108DD000FF1001FFD1D3803F0212031C9A99D924BE
:108DE0000328B80B5204F80BF0416F12833ADA0FE4
:108DF000494020220222600218201A02200A190C7F
:108E0000200A1D01200A1D0860191B09179C210A50
:108E100018A01C0B1B24F4D8091A1C13A0120C1A3E
:108E200020C8119401EE03A8FFFF000B10A0416FB2
:108E300012833ADA0F4940367B142E3E013210007D
:040000050800018965
:00000001FF
