:020000040800F2
:1000000030420020A1010008E95F00084D570008B8
:10001000895E0008DD0800082D740008000000005B
:10002000000000000000000000000000396300082C
:10003000190B0008000000005960000891630008D7
:10004000BB010008BB010008BB010008BB010008A0
:10005000BB010008BB010008BB010008BB01000890
:10006000BB010008BB010008BB0100080109000832
:1000700011090008BB01000821090008BB010008A4
:100080003109000841090008BB010008BB01000854
:10009000E1080008BB010008BB010008BB01000823
:1000A000BB010008AD630008BB010008BB010008EC
:1000B000BD630008BB010008BB010008BB010008CC
:1000C000BB010008BB010008BB010008BB01000820
:1000D000BB01000811700008597100080174000884
:1000E000BB010008BB010008BB010008FD6300085C
:1000F0000D640008BB010008BB010008510900089D
:10010000BB010008BB010008CD630008BB0100086B
:10011000BB010008C5660008DD630008ED63000848
:10012000BB0100086109000871090008BB01000853
:10013000BB0100080000000000000000BB01000837
:10014000BB010008F1080008BB010008BB01000862
:10015000BB010008BB010008BB01000811740008C6
:10016000BB010008BB010008BB010008BB0100087F
:10017000BB010008BB0100080000000000000000F7
:10018000BB010008BB010008DFF810D000F08EFBB7
:1001900000F06EF800480047E5D900083042002022
:1001A0000648804706480047FEE7FEE7FEE7FEE711
:1001B000FEE7FEE7FEE7FEE7FEE7FEE799630008DD
:1001C000890100082DE9F05F0546002092469B4614
:1001D00088460646814640241BE02846414647465D
:1001E000224600F07CFA53465A46C01A914110D379
:1001F00011461846224600F063FA2D1A67EB0108F3
:100200004F4622460120002100F05AFA17EB000960
:100210004E41201EA4F10104DFDC484631462A4647
:100220004346BDE8F09F40EA01039B0703D009E085
:1002300008C9121F08C0042AFAD203E011F8013BD2
:1002400000F8013B521EF9D27047D2B201E000F82B
:10025000012B491EFBD270470022F6E710B513466A
:100260000A4604461946FFF7F0FF204610BD00007D
:100270007CB507480090074801900546009C04E0C3
:100280002046016808448047241DAC42F8D17CBD5B
:10029000DCEB000808EC00082DE9FE4F804681EAFF
:1002A0000300C00F0C46009021F0004123F00045F0
:1002B000B8EB0200A94105D24046214690461C46B3
:1002C0000B46024623F00040104347D0270DC7F3EA
:1002D0000A00C3F30A510290401A019040286BDAD9
:1002E000C3F3130040F4801B0098924620B1002312
:1002F000D2EB030A63EB0B0B01985946C0F14002A5
:10030000504600F0DDF906460D4650465946019A22
:1003100000F0F5F910EB08006141002487EA115262
:1003200084EAE7731A4340D0009A62B3019A012A23
:100330004FEA075215DC001B61EB02014FF000424F
:1003400002EA0752CDE90042001C41F58011324615
:100350002B4600F02CFA03B0BDE8F08F4046214652
:10036000F9E7001B61EB0201001C41F58013001846
:100370005B412018A2F5001747EB030140EAD57056
:10038000B6196D4111E06D084FEA360645EAC075B1
:100390004FEA0752001B61EB0201001C41F580117E
:1003A00049084FEA30000019514132462B4603B04C
:1003B000BDE8F04F00F0ECB90098012240000023A6
:1003C000D0EB020263EBE073009821464FEAE07441
:1003D000B8EB000061EB0401E9E783F000435BE761
:1003E00081F0004158E72DE9FE4F81EA030404F053
:1003F000004421F0004100944FF0000B23F0004333
:1004000050EA01045ED052EA03045BD0C3F30A54FD
:10041000C1F30A552C44A4F2F3340194A0FB025416
:10042000C1F3130141F48011C3F3130343F48013A8
:1004300001FB024400FB034E840A970A44EA8154FC
:1004400047EA8357A4FB076802958D0A05FB0785D9
:100450004FEA932C04FB0C542705029D4FEA0658E3
:1004600047EA1637B5EB08056EEB070C870E920EC0
:1004700047EA811742EA8312A7FB0201B6EB0B01A0
:1004800064EB00042B0D43EA0C335E1844EB1C5064
:10049000DA465146E7FB0201C5F313044FEA0B337A
:1004A00043EA14534FEA0432019C43EA0603A4F1E1
:1004B0000C040294009CCDE900B400F078F903B07C
:1004C000BDE8F08F00200146F9E72DE9F04D81EA03
:1004D000030404F0004B21F0004514464FF0000ADD
:1004E00023F0004150EA050220D054EA01021DD059
:1004F000C5F30A570246C5F31303C1F31300C1F352
:100500000A5640F4801543F48013A7EB0608101B2D
:10051000D64608F2FD3873EB050002D308F1010856
:1005200001E092185B41B8F1000F03DA00200146A8
:10053000BDE8F08D00204FF48011064684460EE0A1
:10054000171B73EB050705D3121B63EB050306436B
:100550004CEA010C49084FEA300092185B4150EA1E
:100560000107EDD152EA030012D082EA040083EAC7
:100570000501084305D0101BAB4106D20122002320
:1005800006E000224FF0004302E06FF0010253103A
:100590001AEB06004CEB085110EB0A0041EB0B0183
:1005A000BDE8F04D00F0F4B830B5041E71F1000460
:1005B00004DB4FF00044404264EB0101141E73F170
:1005C000000405DB1C464FF00043524263EB04037A
:1005D000801A994101D3012030BD002030BD30B5D3
:1005E000041E71F1000404DB4FF00044404264EB50
:1005F0000101141E73F1000405DB1C464FF000439B
:10060000524263EB0403101A8B4101D3012030BD29
:10061000002030BD0EB5C10F80EAE0700844CA0763
:10062000002140F233438DE80E000A460B4600F0ED
:10063000BEF803B000BD00F0004230F000400AD028
:10064000C10D01F56071C0F3160042EA0151C20804
:1006500040071143704700200146704701F00043F6
:1006600030B421F0004150EA010206D00A0DA2F593
:100670006072C1F31301002A02DC30BC0020704715
:10068000440F44EAC104C100E01830BC00EBC25082
:1006900000F047B830B50B46014600202022012467
:1006A00009E021FA02F59D4205D303FA02F5491B40
:1006B00004FA02F52844151EA2F10102F1DC30BD56
:1006C000202A04DB203A00FA02F100207047914012
:1006D000C2F1200320FA03F3194390407047202A07
:1006E00004DB203A21FA02F00021704721FA02F3DC
:1006F000D040C2F120029140084319467047202A99
:1007000006DBCB17203A41FA02F043EAE07306E039
:1007100041FA02F3D040C2F1200291400843194649
:1007200070470029A8BF7047401C490008BF20F04F
:100730000100704710B4B0FA80FC00FA0CF050EAE7
:10074000010404BF10BC704749B1CCF1200421FA68
:1007500004F411FA0CF118BF012121430843A3EB63
:100760000C01CB1D4FEA00614FEA102042BF002070
:1007700010BC704700EBC35010440029A4BF10BC4C
:100780007047401C490008BF20F0010010BC7047B2
:1007900010B5141E73F1000408DA401C41F1000189
:1007A00092185B411A4301D120F0010010BD2DE9E0
:1007B000F04D92469B4611B1B1FA81F202E0B0FAD7
:1007C00080F220329046FFF77BFF04460F4640EA56
:1007D0000A0041EA0B0153465A46084313D011461A
:1007E00053EA010019D0C8F140025046FFF777FFE5
:1007F00005460E46504659464246FFF761FF0843FC
:1008000005D0012004E020463946BDE8F08D0020E7
:10081000054346EAE0762C4337430A986305E40A29
:10082000A0EB08000022FD0A44EA47540A3002D532
:1008300000200146E9E7010510196941DDE9084595
:1008400000196941BDE8F04DA2E7C1F30A52C1F3B6
:10085000130140F2FF3341F480119A4202DA002082
:100860000146704740F233439A42A2F2334202DC1F
:100870005242FFF734BFFFF723BF000030B5041E1C
:1008800071F1000404DB4FF00044404264EB0101CD
:10089000141E73F1000405DB1C464FF00043524266
:1008A00063EB0403994208BF904230BD1CB5094870
:1008B0000090094801900546009C06E0E06840F081
:1008C000010394E8070098471034AC42F6D3FFF7D1
:1008D0005FFC0000BCEB0008DCEB0008FFE7FEE774
:1008E00080B541F20800C2F2000000F051FC80BD6A
:1008F00080B541F23000C2F2000000F049FC80BD3A
:1009000080B541F25800C2F2000001F095F980BDB7
:1009100080B541F23820C2F2000001F08DF980BDAF
:1009200080B541F29820C2F2000001F085F980BD47
:1009300080B541F27810C2F2000001F07DF980BD6F
:1009400080B541F2D810C2F2000001F075F980BD07
:1009500080B541F2B800C2F2000001F06DF980BD2F
:1009600080B541F2F820C2F2000001F065F980BDC7
:1009700080B541F21810C2F2000001F05DF980BDAF
:1009800082B001900198007810384AF6AB21CAF67F
:10099000AA21A0FB01100009009000994EF6EA0080
:1009A000C0F60000405C0199C8650098042807D390
:1009B000FFE701990868042262F30900886506E0F0
:1009C0000199086840F2FF3290438865FFE701987B
:1009D000806D02B07047000086B0059000208DF851
:1009E00013000598806A03900598806910BBFFE7A3
:1009F0000398029003281BD80299DFE801F0020D4A
:100A00000218059890F82F00C00720B1FFE70120D9
:100A10008DF81300FFE70CE00598C06AB0F1C07FC5
:100A200004D1FFE701208DF81300FFE701E000E0AB
:100A3000FFE745E005988069B0F5005F25D1FFE745
:100A40000398019003281ED80199DFE801F00206FF
:100A5000021101208DF8130016E0059890F82F0080
:100A6000C00720B1FFE701208DF81300FFE70BE07E
:100A70000598C06AB0F1C07F04D1FFE701208DF86E
:100A80001300FFE700E0FFE719E003980090032858
:100A900004D3FFE70098032804D00EE001208DF86E
:100AA00013000BE0059890F82F00C00720B1FFE776
:100AB00001208DF81300FFE700E0FFE7FFE7FFE705
:100AC0009DF8130006B0704784B003900291019224
:100AD000009303980168086820F48020086000985B
:100AE00003990968486003988068402809D1FFE7A6
:100AF0000198039909688860029803990968C86099
:100B000008E00298039909688860019803990968C8
:100B1000C860FFE704B070477047000072B6FFE797
:100B2000FEE7000080B584B0039003980078662843
:100B300040D1FFE70398007F11283BD1FFE70398DE
:100B4000407840F68C42C2F20002029202F8040B96
:100B5000039840F2D011C2F20001019191ED7A0A9E
:100B6000022107F04FFC0299039801F108020621C7
:100B700007F016FC0299039801F10C020A2107F014
:100B80000FFC019A0299039892ED790A01F1100283
:100B90000E2107F037FC0299039801F1140212218B
:100BA00007F0FEFB0299039801F11802162107F0E5
:100BB000F7FBFFE704B080BD84B00290019102987A
:100BC00090F820008DF803009DF80300012805D05F
:100BD000FFE79DF8030002280AD1FFE7019A029877
:100BE000016848691043486100208DF80F0008E053
:100BF0000299486A40F48020486201208DF80F0075
:100C0000FFE79DF80F0004B07047000088B0069021
:100C1000059104920393069890F820008DF8070040
:100C200006980068806800900598806808B9FFE71A
:100C300000E0FFE79DF80700012806D0FFE79DF8D8
:100C40000700022840F08080FFE79DF8030040077E
:100C500000280CD4FFE79DF803000007002806D405
:100C6000FFE79DF80300C006002864D5FFE7009861
:100C7000C0F3016002900299012088400399086046
:100C80000598806868B9FFE705980168C06840EA80
:100C9000415006990968029A01EB0211C1F88001DE
:100CA0000EE005994A688868C96840EAC2000843AE
:100CB00006990968029A01EB0211C1F88001FFE769
:100CC0000598006906990968029A01EB0211C1F8BA
:100CD00084010598007D01280CD1FFE70698006883
:100CE000029900EB0111D1F8840140F48070C1F841
:100CF0008401FFE70498406806990968029A01EBAD
:100D00000211C1F88C010498006806990968029ADA
:100D100001EB0211C1F8880106980068029900EB06
:100D20000111D1F8800140F00100C1F880010020DC
:100D30008DF81F0011E00699486A40F400104862DF
:100D400001208DF81F0008E00699486A40F48020D1
:100D5000486201208DF81F00FFE79DF81F0008B0D2
:100D60007047000086B004900391049890F820002A
:100D70008DF803009DF80300012806D0FFE79DF8D9
:100D80000300022840F0B080FFE746F20040C4F2C2
:100D9000000001900199D1F8000240F00100C1F873
:100DA00000020199D1F8000220F47C50C1F8000241
:100DB0000398426A0199D1F8000240EA0220C1F882
:100DC00000020398406900F01F0101208840029052
:100DD000029A0199D1F81C029043C1F81C020398B1
:100DE000C069F0B9FFE7029A0199D1F80C0290436B
:100DF000C1F80C02039A9088D168526940EA014018
:100E0000019901EBC201C1F84002039A1088916870
:100E1000526940EA0140019901EBC201C1F8440264
:100E2000FFE70398C06901281ED1FFE7029A0199E4
:100E3000D1F80C021043C1F80C02039A9088116893
:100E4000526940EA0140019901EBC201C1F8400238
:100E5000039A90899168526940EA0140019901EB37
:100E6000C201C1F84402FFE70398806940B9FFE777
:100E7000029A0199D1F804029043C1F8040207E0F4
:100E8000029A0199D1F804021043C1F80402FFE765
:100E90000398006940B9FFE7029A0199D1F814025A
:100EA0009043C1F8140207E0029A0199D1F81402A4
:100EB0001043C1F81402FFE70398006A012808D123
:100EC000FFE7029A0199D1F81C021043C1F81C02F5
:100ED000FFE70199D1F8000220F00100C1F80002FB
:100EE00000208DF8170008E00499486A40F480203B
:100EF000486201208DF81700FFE79DF8170006B043
:100F00007047000081B0009001B0704786B0049037
:100F1000039102920193049890F820008DF8030049
:100F20009DF80300012806D0FFE79DF80300022882
:100F300040F0E880FFE7039880B9FFE70498006875
:100F4000C068800748B9FFE70499486A40F4001078
:100F5000486201208DF81700DDE00FE0049800687A
:100F60000069800748B9FFE70499486A40F4001017
:100F7000486201208DF81700CDE0FFE70498006873
:100F8000039900EB0110D0F8B00100F004000299C1
:100F900088600298806858B9FFE704980068039950
:100FA00000EB0110D0F8B001400D029908600AE092
:100FB00004980068039900EB0110D0F8B001C00854
:100FC00002994860FFE704980068039900EB01105C
:100FD000D0F8B00100F002000299C86004980068DF
:100FE000039900EB0110D0F8B40100F00F000828BD
:100FF00004D3FFE70299082008610BE00498006819
:10100000039900EB0110D0F8B40100F00F00029931
:101010000861FFE704980068039900EB0110D0F81D
:10102000B40180B2000A02998861049800680399AB
:1010300000EB0110D0F8B401000C0299486104984B
:101040000068039900EB0110D0F8B801019908700D
:1010500004980068039900EB0110D0F8B801000A69
:101060000199487004980068039900EB0110D0F8CA
:10107000B801000C0199887004980068039900EB8E
:101080000110D0F8B801000E0199C87004980068EA
:10109000039900EB0110D0F8BC0101990871049884
:1010A0000068039900EB0110D0F8BC01000A019917
:1010B000487104980068039900EB0110D0F8BC0156
:1010C000000C0199887104980068039900EB0110E5
:1010D000D0F8BC01000E0199C871039838B9FFE738
:1010E00004980168C86840F02000C86006E00498D1
:1010F0000168086940F020000861FFE700208DF8D2
:10110000170008E00499486A40F4802048620120F2
:101110008DF81700FFE79DF8170006B07047000034
:1011200083B0029000200190029890F820008DF882
:1011300003009DF80300012805D0FFE79DF8030098
:10114000022822D1FFE70298006880684001002849
:1011500004D5FFE7019801300190FFE7029800688D
:1011600080680001002804D5FFE701980130019054
:10117000FFE7029800688068C000002804D5FFE7F8
:10118000019801300190FFE7FFE7019803B0704735
:1011900080B58AB0099000200890099800684069DD
:1011A0000790099800684068069009980068806870
:1011B000059009980068C068049009980068006963
:1011C000039009980068806902909DF81C00C00790
:1011D000002800F09480FFE79DF81400C00758B382
:1011E000FFE709980168012088609DF814008007D6
:1011F000002804D5FFE7099800F06EFC1BE09DF87D
:1012000014004007002805D5FFE7089840F4006067
:1012100008900FE09DF814000007002805D5FFE7AF
:10122000089840F48050089003E0099800F050FCC2
:10123000FFE7FFE7FFE7FFE79DF81500C00760B392
:10124000FFE7099801684FF4807088609DF81500E9
:101250008007002804D5FFE7099800F045FC1BE053
:101260009DF815004007002805D5FFE7089840F4D1
:10127000005008900FE09DF815000007002805D5E4
:10128000FFE7089840F48040089003E0099800F0D8
:1012900027FCFFE7FFE7FFE7FFE79DF81600C00721
:1012A00060B3FFE7099801684FF4803088609DF8CB
:1012B00016008007002804D5FFE7099800F01CFC01
:1012C0001BE09DF816004007002805D5FFE70898A9
:1012D00040F4004008900FE09DF816000007002839
:1012E00005D5FFE7089840F48030089003E009989E
:1012F00000F0FEFBFFE7FFE7FFE7FFE7FFE79DF8F2
:101300001C000007002810D5FFE79DF81000C0065C
:10131000002809D5FFE7089840F400700890099864
:1013200001681020C860FFE7FFE79DF81C00400738
:1013300000280FD5FFE79DF810000007002808D50A
:10134000FFE7099801680820C860099800F0CEFA04
:10135000FFE7FFE79DF81C00800700280BD5FFE79B
:1013600009980068C068800720B1FFE7099800F07D
:10137000C1FAFFE7FFE79DF81C004006002810D5E2
:10138000FFE79DF80C00C006002809D5FFE7089884
:1013900040F4806008900998016810200861FFE718
:1013A000FFE79DF81C00800600280FD5FFE79DF899
:1013B0000C000007002808D5FFE7099801680820FD
:1013C0000861099800F0D4FAFFE7FFE79DF81C00D8
:1013D000C00600280BD5FFE7099800680069800760
:1013E00020B1FFE7099800F0C7FAFFE7FFE79DF893
:1013F0001E00800700280FD5FFE79DF81800C006E3
:10140000002808D5FFE7099801681020486009986E
:1014100000F014FBFFE7FFE79DF81E00C00778B15E
:10142000FFE79DF818000007002808D5FFE7099896
:10143000016808204860099800F062FBFFE7FFE7B9
:101440009DF81D000006002840F18D80FFE79DF803
:1014500018004007002840F18180FFE79DF81D003B
:10146000C00750B1FFE79DF80800C00728B1FFE7AB
:10147000089840F001000890FFE79DF81D008007E4
:1014800000280BD5FFE79DF808008007002805D548
:10149000FFE7089840F002000890FFE79DF81D0064
:1014A000400700280BD5FFE79DF8080040070028FB
:1014B00005D5FFE7089840F004000890FFE79DF885
:1014C0001D000007002848D5FFE79DF8080010F030
:1014D000700F42D0FFE7029800F0700001460191C2
:1014E000102814D0FFE70198202815D0FFE70198B5
:1014F000302816D0FFE70198402817D0FFE7019861
:10150000502818D0FFE70198602819D01DE00898EE
:1015100040F00800089019E0089840F0100008908A
:1015200014E0089840F0200008900FE0089840F080
:10153000400008900AE0089840F08000089005E01C
:10154000089840F48070089000E0FFE7099801686F
:10155000886920F070008861FFE7FFE7099801685B
:1015600004204860FFE7089848B1FFE7089A099906
:10157000486A104348620998FFF7C4FCFFE70AB0C5
:1015800080BD000080B584B00290029820B9FFE7CA
:1015900001208DF80F00E0E0029890F8200020B9BB
:1015A000FFE7029800F0DEF8FFE70298016808689C
:1015B00040F00100086000F0FFFF0190FFE7029893
:1015C00000684068C007A8B9FFE700F0F5FF01997F
:1015D000401A0B280DD3FFE70299486A40F4003007
:1015E00048620299052081F8200001208DF80F0043
:1015F000B3E0E4E702980168086820F002000860A0
:1016000000F0DAFF0190FFE7029800684068800769
:10161000002815D5FFE700F0CFFF0199401A0B28ED
:101620000DD3FFE70299486A40F4003048620299FE
:10163000052081F8200001208DF80F008DE0E3E700
:101640000298007E012807D1FFE702980168086828
:1016500040F08000086006E002980168086820F009
:1016600080000860FFE70298407E012807D1FFE76D
:1016700002980168086840F04000086006E002989F
:101680000168086820F040000860FFE70298807E4B
:10169000012807D1FFE702980168086840F02000A0
:1016A000086006E002980168086820F020000860E1
:1016B000FFE70298C07E012807D1FFE70298016882
:1016C000086820F01000086006E0029801680868C9
:1016D00040F010000860FFE70298007F012807D162
:1016E000FFE702980168086840F00800086006E01B
:1016F00002980168086820F008000860FFE7029877
:10170000407F012807D1FFE702980168086840F090
:101710000400086006E002980168086820F00400F0
:101720000860FFE7029B19685A689868D3F80CC0F4
:1017300040EA0C00D3F810C040EA0C005B69184383
:10174000013A1043C861029900204862029A0121BF
:1017500082F820108DF80F00FFE79DF80F0004B00D
:1017600080BD000080B590B00F9000200E900D90CD
:101770000C900B900A900F98006846F20041C4F25A
:10178000000188424AD1FFE740F24040C2F2000027
:101790000168013101600068012812D1FFE7FFE70D
:1017A0000020099043F64000C4F20200016841F0B5
:1017B00000710160006800F0007009900998FFE76F
:1017C000FFE7FFE70020089043F63000C4F2020074
:1017D000016841F001010160006800F0010008901B
:1017E0000898FFE74FF4C0500A9002200B900020A9
:1017F00003900C9003200D9009200E900020C4F25D
:1018000002000AA900F0E4FC039A14200490114697
:1018100000F06AFF049800F05DFF65E00F98006833
:1018200046F60001C4F2000188425CD1FFE7FFE701
:101830000020079043F64000C4F20200016841F026
:1018400080610160006800F0806007900798FFE702
:1018500040F24040C2F200000168013101600068BE
:10186000012812D1FFE7FFE70020069043F6400071
:10187000C4F20200016841F000710160006800F0EC
:10188000007006900698FFE7FFE7FFE7002005904D
:1018900043F63000C4F20200016841F00201016029
:1018A000006800F0020005900598FFE74FF44050F3
:1018B0000A9002200B90002001900C9003200D90C4
:1018C00009200E9040F20040C4F202000AA900F084
:1018D0007FFC019A41200290114600F005FF02981A
:1018E00000F0F8FEFFE7FFE710B080BD81B0009088
:1018F00001B0704780B582B0019040F24000C2F262
:10190000000041F20801C2F200010AF0CBFF68BBFF
:10191000FFE740F2EC00C2F200000AF015FE98B9B1
:10192000FFE741F25470C2F20000006841F24871D2
:10193000C2F20001097809F03FF840F68830C2F29F
:10194000000080ED000AFFE741F24C70C2F2000097
:10195000006840F6BC61C2F20001097808F0A8FAFC
:1019600040F61C11C2F200010860FFE702B080BD22
:1019700081B0009001B0704780B584B0039040F210
:101980009400C2F2000041F23001C2F200010AF0FC
:1019900089FF00284FD1FFE740F25C10C2F200003F
:1019A0000AF0D2FD98B9FFE741F28870C2F2000058
:1019B000006841F24871C2F20001097808F038FE6F
:1019C00040F67470C2F2000080ED000AFFE740F2BA
:1019D0001C50C2F200000AF0A7FE58BBFFE740F619
:1019E000EC70C2F20000006840F6BC61C2F2000177
:1019F000097841F24872C2F20002127806F0D4FF70
:101A000040F23800C2F2000080ED000A90ED000ABA
:101A1000BDEEC00A10EE101A684641600023036054
:101A200040F29400C2F200004FF400711A460AF02E
:101A300061FFFFE7FFE704B080BD000081B00090C8
:101A400001B0704780B584B00290029890F82000F1
:101A500001282FD1FFE70299022081F82000029887
:101A60000168086820F00100086000F0A5FD019001
:101A7000FFE7029800684068C007A8B1FFE700F0E0
:101A80009BFD0199401A0B280DD3FFE70299486A84
:101A900040F4003048620299052081F820000120BE
:101AA0008DF80F000FE0E4E70299002048628DF8FE
:101AB0000F0008E00299486A40F4002048620120C3
:101AC0008DF80F00FFE79DF80F0004B080BD000007
:101AD00081B0009001B0704781B0009001B07047B4
:101AE00081B0009001B0704781B0009001B07047A4
:101AF00081B0009001B0704781B0009001B0704794
:101B000081B0009001B0704780B584B00290029817
:101B1000806D019000F050FD0090029890F8350023
:101B200002280DD0FFE7029980204865FFE702995F
:101B3000002081F83400FFE701208DF80F0055E008
:101B400002980168086820F0160008600298016891
:101B5000486920F0800048610298006C20B9FFE7D6
:101B60000298806C38B1FFE702980168086820F09D
:101B700008000860FFE702980168086820F001008B
:101B80000860FFE7029800680068C007C8B1FFE777
:101B900000F012FD0099401A062811D3FFE70299C0
:101BA000202048650299032081F83500FFE702995B
:101BB000002081F83400FFE703208DF80F0015E0C6
:101BC000E0E70298C16D3F20884001998860029942
:101BD000012081F83500FFE70299002081F83400E8
:101BE000FFE7FFE700208DF80F00FFE79DF80F00EB
:101BF00004B080BD82B00090009890F835000228B3
:101C000007D0FFE700998020486501208DF8070084
:101C10000EE00099052081F83500009801680868F9
:101C200020F001000860FFE700208DF80700FFE7C3
:101C30009DF8070002B0704780B586B0059000207F
:101C4000039040F21000C2F20000006848F2B511A3
:101C5000C1F64E31A0FB0110800A02900598806DFC
:101C6000019001980068049004980599C96DC840D6
:101C7000000700281AD5FFE70598006800684007AC
:101C8000002812D5FFE705980168086820F00400D5
:101C900008600598C16D0820884001998860059901
:101CA000486D40F001004865FFE7FFE7049805999B
:101CB000C96DC840C007A0B1FFE70598006840693A
:101CC000000600280CD5FFE70598C16D012088406B
:101CD000019988600599486D40F002004865FFE76A
:101CE000FFE704980599C96DC8404007002814D53E
:101CF000FFE7059800680068800700280CD5FFE71B
:101D00000598C16D04208840019988600599486D47
:101D100040F004004865FFE7FFE704980599C96DA6
:101D2000C840C006002847D5FFE70598006800684E
:101D3000000700283FD5FFE70598C16D10208840B7
:101D400001998860059800680068400300281AD54A
:101D5000FFE70598006800680003002809D4FFE742
:101D60000598006C20B1FFE70598016C8847FFE7F4
:101D700008E00598806C20B1FFE70598816C8847E2
:101D8000FFE7FFE716E0059800680068C005002837
:101D900007D4FFE705980168086820F0080008608C
:101DA000FFE70598006C20B1FFE70598016C8847B4
:101DB000FFE7FFE7FFE7FFE704980599C96DC84013
:101DC0008006002840F18D80FFE7059800680068D4
:101DD000C006002840F18480FFE70598C16D2020EF
:101DE000884001998860059890F83500052834D11D
:101DF000FFE705980168086820F01600086005985C
:101E00000168486920F0800048610598006C20B99D
:101E1000FFE70598806C38B1FFE70598016808680E
:101E200020F008000860FFE70598C16D3F2088405A
:101E3000019988600599012081F83500FFE705992F
:101E4000002081F83400FFE70598006D20B1FFE71E
:101E50000598016D8847FFE77BE0059800680068FA
:101E6000400300281AD5FFE70598006800680003C2
:101E7000002809D4FFE70598406C20B1FFE70598DA
:101E8000416C8847FFE708E00598C06B20B1FFE789
:101E90000598C16B8847FFE7FFE720E005980068D9
:101EA0000068C005002811D4FFE70598016808689C
:101EB00020F0100008600599012081F83500FFE747
:101EC0000599002081F83400FFE7FFE70598C06B13
:101ED00020B1FFE70598C16B8847FFE7FFE7FFE701
:101EE000FFE70598406DA0B3FFE70598406DC00778
:101EF00030B3FFE70599052081F8350005980168A2
:101F0000086820F001000860FFE7039801300390A3
:101F10000299884201D9FFE707E0FFE705980068CA
:101F20000068C0070028F0D1FFE70599012081F87B
:101F30003500FFE70599002081F83400FFE7FFE74F
:101F40000598C06C20B1FFE70598C16C8847FFE792
:101F5000FFE706B080BD000080B586B00490002089
:101F6000039000F029FB0290049820B9FFE70120BC
:101F70008DF81700A3E00498406A08B1FFE7FFE777
:101F80000499022081F83500FFE70499002081F8C8
:101F90003400FFE704980168086820F00100086039
:101FA000FFE7049800680068C00790B1FFE700F001
:101FB00003FB0299401A06280AD3FFE70499202060
:101FC00048650499032081F835008DF8170076E004
:101FD000E7E70498006800680390039848F23F011F
:101FE000CFF2100108400390049900914868D1F89D
:101FF00008C0CB680A6940EA0C00184310434A69DC
:1020000010438A691043CA691043096A014303985F
:10201000084303900498406A042808D1FFE7049914
:10202000C86A096B0143039808430390FFE70398CC
:10203000049909680860049800684069039003984F
:1020400020F0070003900498416A03980843039026
:102050000498406A04281AD1FFE70498816A03981B
:10206000084303900498C06A80B1FFE70498FEF724
:10207000B3FC50B1FFE70499402048650499012062
:1020800081F835008DF8170019E0FFE7FFE70398A6
:102090000499096848610498FEF772FC019004985D
:1020A000C16D3F20884001998860049900204865EF
:1020B000049A012182F835108DF81700FFE79DF88A
:1020C000170006B080BD000080B588B0069005916D
:1020D0000492039300208DF80B000698806D019008
:1020E000FFE7069890F83400012804D1FFE70220AA
:1020F0008DF81F0045E00699012081F83400FFE7C4
:10210000FFE7069890F8350001282BD1FFE70699E4
:10211000022081F835000699002048650698059947
:10212000049A039BFEF7D0FC0698C16D3F208840BF
:102130000199886006980168086840F016000860F8
:102140000698006C38B1FFE706980168086840F00F
:1021500008000860FFE706980168086840F0010081
:10216000086009E0FFE70699002081F83400FFE7E6
:1021700002208DF80B00FFE79DF80B008DF81F0083
:10218000FFE79DF81F0008B080BD000080B584B057
:10219000039000F011FA0290039801900198013029
:1021A00048B1FFE740F21800C2F200000178019840
:1021B00008440190FFE7FFE700F0FEF90299401A9A
:1021C0000199884201D2FFE7F6E704B080BD000024
:1021D0008EB00D900C9100200A90099008900B9001
:1021E000FFE70B980F2800F2CC81FFE70B99012045
:1021F00088400A900C9800680A990840099009984C
:102200000A99884240F0B881FFE70C98406800F0D6
:102210000300012807D0FFE70C98406800F0030096
:1022200002282FD1FFE70D98806808900B98410095
:10223000032000FA01F10898884308900C98C068C0
:102240000B99490000FA01F1089808430890089892
:102250000D9988600D98406808900B99012000FA4C
:1022600001F10898884308900C984068C0F300106A
:102270000B9900FA01F108980843089008980D9905
:102280004860FFE70C98406800F00300032818D06E
:10229000FFE70D98C06808900B984100032000FAF2
:1022A00001F10898884308900C9880680B994900C0
:1022B00000FA01F108980843089008980D99C86041
:1022C000FFE70C98406800F00300022826D1FFE7E2
:1022D0000D980B996FF0030202EA51010844006A5D
:1022E00008900B9800F0070081000F2000FA01F120
:1022F0000898884308900C9800690B9901F0070131
:10230000890000FA01F108980843089008980D998F
:102310000B9B02EA530211440862FFE70D98006824
:1023200008900B984100032000FA01F108988843B7
:1023300008900C98406800F003000B99490000FADF
:1023400001F108980843089008980D9908600C98C6
:1023500080798007002800F00E81FFE7FFE700206A
:10236000079043F64400C4F20200016841F4804142
:102370000160006800F4804007900798FFE70B9821
:1023800020F0030043F60801C4F201014058089010
:102390000B9800F0030081000F2000FA01F108986B
:1023A000884308900D980021C4F20201884203D1AD
:1023B000FFE7002006905EE00D9840F20041C4F275
:1023C0000201884203D1FFE70120059050E00D98FB
:1023D00040F60001C4F20201884203D1FFE7022067
:1023E000049042E00D9840F60041C4F20201884298
:1023F00003D1FFE70320039034E00D9841F2000180
:10240000C4F20201884203D1FFE70420029026E0D3
:102410000D9841F20041C4F20201884203D1FFE766
:102420000520019018E00D9841F60001C4F2020168
:10243000884203D1FFE7062000900AE00D9941F69B
:102440000042C4F202020820914208BF0720009017
:10245000FFE700980190FFE701980290FFE70298DC
:102460000390FFE703980490FFE704980590FFE7C7
:1024700005980690FFE70698C0B20B9901F003019A
:10248000890000FA01F108980843089008980B9910
:1024900021F0030143F60802C4F20102885043F61A
:1024A0000840C4F201000068089009990898884320
:1024B00008900C988079C006002805D5FFE7099997
:1024C000089808430890FFE7089843F60841C4F2CB
:1024D0000101086043F60C40C4F201000068089056
:1024E00009990898884308900C98807980060028FC
:1024F00005D5FFE70999089808430890FFE7089871
:1025000043F60C41C4F20101086043F60440C4F2F2
:1025100001000068089009990898884308900C9871
:1025200080798007002805D5FFE7099908980843B6
:102530000890FFE7089843F60441C4F201010860DF
:1025400043F60040C4F20100006808900999089819
:10255000884308900C988079C00728B1FFE7099953
:10256000089808430890FFE7089843F60041C4F232
:1025700001010860FFE7FFE7FFE70B9801300B90D0
:102580002FE60EB07047000082B00190ADF8021047
:102590008DF801209DF8010028B1FFE7BDF8020089
:1025A0000199886105E0BDF8020000040199886185
:1025B000FFE702B07047000041F28470C2F20000F1
:1025C0000068704740F21800C2F20000027841F241
:1025D0008471C2F20001086810440860704700006E
:1025E00080B543F60041C4F20201086840F400706F
:1025F0000860086840F480600860086840F48070F3
:102600000860032000F08AF80F2000F005F800F0C1
:102610003BF8002080BD000080B582B0009040F201
:102620001000C2F20000006840F21801C2F200017E
:102630000A784FF47A71B1FBF2F1B0FBF1F001F0DE
:10264000B9FA20B1FFE701208DF8070018E00098E3
:102650000F280DD8FFE700994FF0FF30002200F05F
:1026600043F8009840F21C01C2F20001086003E048
:1026700001208DF8070003E000208DF80700FFE738
:102680009DF8070002B080BD82B0FFE700200190F6
:1026900043F64400C4F20200016841F48041016045
:1026A000006800F4804001900198FFE7FFE70020F8
:1026B000009043F64000C4F20200016841F08051EE
:1026C0000160006800F0805000900098FFE702B0C1
:1026D0007047000080B582B08DF807009DF90700B3
:1026E0000AF0BEFB02B080BD80B586B08DF8170041
:1026F00004910392002002900AF0CAFB02909DF917
:102700001700019002980499039A03F06FFC0146A8
:1027100001980AF0C5FB06B080BD000080B582B00C
:10272000019001980AF0DEFB02B080BD80B584B054
:1027300002900191029820B9FFE701208DF80F0067
:1027400021E1019843F60041C4F20201096801F059
:102750000701884212D9FFE7019943F60040C4F20D
:1027600002000170006800F007000199884204D05F
:10277000FFE701208DF80F0005E1FFE702980078E0
:10278000800700282AD5FFE7029800784007002834
:1027900009D5FFE743F60801C4F20201086840F4D6
:1027A000E0500860FFE7029800780007002809D58C
:1027B000FFE743F60801C4F20201086840F46040F4
:1027C0000860FFE743F60801C4F20201086820F040
:1027D000F000029A926810430860FFE702980078C0
:1027E000C00700286ED0FFE702984068012811D189
:1027F000FFE743F60000C4F20200006800F4003175
:102800000020B0EB514F04D1FFE701208DF80F00FD
:10281000B9E02CE002984068022805D0FFE7029852
:102820004068032811D1FFE743F60000C4F202001C
:10283000006800F000710020B0EB516F04D1FFE799
:1028400001208DF80F009EE010E043F60000C4F276
:102850000200006800F002010020B0EB510F04D12B
:10286000FFE701208DF80F008DE0FFE7FFE743F65B
:102870000801C4F20201086820F00300029A5268BD
:1028800010430860FFF798FE0090FFE743F608004A
:10289000C4F20200006800F00C0002994968B0EB35
:1028A000810F0ED0FFE7FFF787FE0099401A41F233
:1028B0008931884204D3FFE703208DF80F0062E0DE
:1028C000E4E7FFE7019843F60041C4F2020109681A
:1028D00001F00701884212D2FFE7019943F6004058
:1028E000C4F202000170006800F0070001998842FC
:1028F00004D0FFE701208DF80F0044E0FFE70298C5
:102900000078400700280CD5FFE743F60801C4F221
:102910000201086820F4E050029AD268104308606F
:10292000FFE702980078000700280DD5FFE743F67F
:102930000801C4F20201086820F46040029A12699A
:1029400040EAC2000860FFE700F04CF843F60801D7
:10295000C4F202010968C9B20A094EF6D201C0F6F2
:102960000001895CC84040F21001C2F20001086019
:1029700040F21C00C2F200000068FFF74DFE00208C
:102980008DF80F00FFE79DF80F0004B080BD000038
:1029900040F21000C2F200000068704780B5FFF7F7
:1029A000F7FF43F60801C4F202010968C1F382226D
:1029B0004EF6E201C0F60001895CC84080BD00000F
:1029C00080B5FFF7E5FF43F60801C4F2020109688C
:1029D00089B24A0B4EF6E201C0F60001895CC8409C
:1029E00080BD000080B586B0002005900490039063
:1029F000029043F60800C4F20200006800F00C00E8
:102A00000146019140B1FFE7019804280AD0FFE791
:102A1000019808280CD04FE042F20040C0F2F400C8
:102A200002904FE047F64000C0F27D10029049E06E
:102A300043F60400C4F20200016801F03F01059171
:102A400000684002002813D5FFE743F60400C4F2F3
:102A500002000068C0F3881047F64001C0F27D1103
:102A6000A0FB0101059A0023FDF7ACFB049012E0E6
:102A700043F60400C4F202000068C0F3881042F27A
:102A80000041C0F2F401A0FB0101059A0023FDF70B
:102A900099FB0490FFE743F60400C4F202000068CB
:102AA00000F44031022000EBD130039004980399E8
:102AB000B0FBF1F0029005E042F20040C0F2F400F9
:102AC0000290FFE7029806B080BD000080B586B096
:102AD0000490049820B9FFE701208DF8170050E317
:102AE00004980078C007002800F0A580FFE743F6AF
:102AF0000800C4F20200006800F00C00042813D0A3
:102B0000FFE743F60800C4F20200006800F00C0082
:102B100008281ED1FFE743F60400C4F20200006853
:102B20004002002815D5FFE743F60000C4F202007A
:102B3000006800F400310020B0EB514F08D0FFE7EF
:102B40000498406820B9FFE701208DF8170018E3CA
:102B500070E0FFE704984068B0F5803F09D1FFE7D7
:102B600043F60001C4F20201086840F480300860B6
:102B700020E004984068B0F5A02F0DD1FFE743F6A0
:102B80000001C4F20201086840F48020086008686F
:102B900040F4803008600CE043F60001C4F202010A
:102BA000086820F480300860086820F480200860FD
:102BB000FFE7FFE7FFE704984068E8B1FFE7FFF7AA
:102BC000FBFC0390FFE743F60000C4F2020000683C
:102BD00000F400310020B0EB514F0CD1FFE7FFF7BC
:102BE000EBFC0399401A652804D3FFE703208DF816
:102BF0001700C6E2E7E71CE0FFF7DEFC0390FFE703
:102C000043F60000C4F20200006800F40031002026
:102C1000B0EB514F0CD0FFE7FFF7CEFC0399401A01
:102C2000652804D3FFE703208DF81700A9E2E7E742
:102C3000FFE7FFE7FFE7049800788007002840F1EE
:102C40009680FFE743F60800C4F20200006810F027
:102C50000C0F13D0FFE743F60800C4F2020000682F
:102C600000F00C0008282CD1FFE743F60400C4F262
:102C7000020000684002002823D4FFE743F600006A
:102C8000C4F20200006800F002010020B0EB510F16
:102C900009D0FFE70498C068012804D0FFE70120AD
:102CA0008DF817006DE243F60001C4F202010868D6
:102CB00020F0F800049A126940EAC2000860FFE7B9
:102CC00054E00498C06870B3FFE70021C4F24721C4
:102CD00001200860FFF770FC0390FFE743F6000057
:102CE000C4F20200006800F002010020B0EB510FB6
:102CF0000CD1FFE7FFF760FC0399401A032804D3C7
:102D0000FFE703208DF817003BE2E7E743F60001F9
:102D1000C4F20201086820F0F800049A126940EA3F
:102D2000C200086021E00021C4F2472100200860B1
:102D3000FFF742FC0390FFE743F60000C4F20200F5
:102D4000006800F002010020B0EB510F0CD0FFE74B
:102D5000FFF732FC0399401A032804D3FFE703204E
:102D60008DF817000DE2E7E7FFE7FFE7FFE70498BC
:102D70000078000700284BD5FFE70498406918B396
:102D8000FFE740F68061C4F2472101200860FFF7A9
:102D900013FC0390FFE743F67400C4F202000068DE
:102DA00000F002010020B0EB510F0CD1FFE7FFF75C
:102DB00003FC0399401A032804D3FFE703208DF88E
:102DC0001700DEE1E7E722E040F68061C4F2472128
:102DD00000200860FFF7F0FB0390FFE743F6740064
:102DE000C4F20200006800F002010020B0EB510FB5
:102DF0000CD0FFE7FFF7E0FB0399401A032804D348
:102E0000FFE703208DF81700BBE1E7E7FFE7FFE7E7
:102E1000049800784007002840F1CE80FFE70020AA
:102E20008DF8070043F64000C4F202000068C000BD
:102E3000002815D4FFE7FFE70020009043F640008C
:102E4000C4F20200016841F080510160006800F0A6
:102E5000805000900098FFE701208DF80700FFE701
:102E600047F20000C4F200000068C005002822D428
:102E7000FFE747F20001C4F20001086840F48070E7
:102E80000860FFF799FB0390FFE747F20000C4F2E8
:102E900000000068C00500280CD4FFE7FFF78CFB9A
:102EA0000399401A032804D3FFE703208DF8170085
:102EB00067E1EAE7FFE7FFE704988068012809D1A6
:102EC000FFE743F67001C4F20201086840F0010018
:102ED00008601FE00498806805280DD1FFE743F6DD
:102EE0007001C4F20201086840F00400086008683C
:102EF00040F0010008600CE043F67001C4F20201EA
:102F0000086820F001000860086820F004000860EC
:102F1000FFE7FFE7FFE704988068F8B1FFE7FFF7F6
:102F20004BFB0390FFE743F67000C4F20200006819
:102F300000F002010020B0EB510F0ED1FFE7FFF7C8
:102F40003BFB0399401A41F28931884204D3FFE7E1
:102F500003208DF8170014E1E5E71EE0FFF72CFBD6
:102F60000390FFE743F67000C4F20200006800F02F
:102F700002010020B0EB510F0ED0FFE7FFF71CFB62
:102F80000399401A41F28931884204D3FFE70320B4
:102F90008DF81700F5E0E5E7FFE79DF80700012849
:102FA00009D1FFE743F64001C4F20201086820F0AE
:102FB00080500860FFE7FFE704988069002800F070
:102FC000DC80FFE743F60800C4F20200006800F06E
:102FD0000C00082800F08580FFE70498806902282B
:102FE0005CD1FFE76021C4F2472100200860FFF7B1
:102FF000E3FA0390FFE743F60000C4F20200006822
:1030000000F000710020B0EB516F0CD0FFE7FFF72C
:10301000D3FA0399401A032804D3FFE703208DF85D
:103020001700AEE0E7E70499C869D1F820C04B6A01
:103030008A6A40EA0C0040EA8310D2034FF6FF731D
:103040009A43A2F580321043C96A40EA016043F610
:103050000401C4F2020108606021C4F2472101208A
:103060000860FFF7A9FA0390FFE743F60000C4F2F7
:103070000200006800F000710020B0EB516F0CD12D
:10308000FFE7FFF799FA0399401A032804D3FFE7F3
:1030900003208DF8170074E0E7E721E06021C4F217
:1030A000472100200860FFF787FA0390FFE743F607
:1030B0000000C4F20200006800F000710020B0EBD4
:1030C000516F0CD0FFE7FFF777FA0399401A0328F6
:1030D00004D3FFE703208DF8170052E0E7E7FFE78E
:1030E0004AE004988069012804D1FFE701208DF8A7
:1030F000170046E043F60400C4F2020000680290A4
:1031000004988069012831D0FFE7029800F480001C
:103110000499C969884229D1FFE7029800F03F006D
:103120000499096A884221D1FFE7029847F6C071E5
:1031300008400499496AB0EB811F17D1FFE7029854
:1031400000F440300499896AC9034FF6FF72914335
:10315000A1F58031884209D1FFE7029800F0706044
:103160000499C96AB0EB016F04D0FFE701208DF824
:10317000170006E0FFE7FFE7FFE700208DF81700E4
:10318000FFE79DF8170006B080BD000080B584B051
:103190000290029820B9FFE701208DF80F0071E03E
:1031A0000298406A60B9FFE702984068B0F5827FF4
:1031B00001D1FFE703E002990020C861FFE705E0C5
:1031C00002990020086102994861FFE702990020F6
:1031D0008862029890F8510040B9FFE702990020F8
:1031E00081F85000029800F051F8FFE702990220A0
:1031F00081F8510002980168086820F040000860DA
:10320000029A019211685068D2F808C0D36800F49D
:1032100082700CF4044C604403F400631844136996
:1032200003F002031844536903F00103184493693F
:1032300003F400731844D36903F038031844136A85
:1032400003F080031843926A02F4005210430860AE
:10325000029A508B00F004001168526A02F01002CA
:103260001044486002980168C86920F40060C86191
:10327000029900204865029A012182F851108DF8C8
:103280000F00FFE79DF80F0004B080BD80B588B047
:1032900007900020069005900490039002900798F4
:1032A000006843F20001C4F20101884233D1FFE714
:1032B000FFE70020019043F64400C4F202000168D9
:1032C00041F480510160006800F480500190019841
:1032D000FFE7FFE70020009043F63000C4F2020051
:1032E000016841F001010160006800F001000090F8
:1032F0000098FFE7E0200290022003900020049055
:1033000003200590052006900020C4F2020002A9C7
:10331000FEF75EFFFFE708B080BD000080B588B013
:1033200006900591ADF812200393069890F851008D
:10333000012804D0FFE702208DF81F0011E1059855
:1033400020B1FFE7BDF8120020B9FFE701208DF89A
:103350001F0006E106984068B0F5827F16D1FFE7AE
:103360000698806890B9FFE70699042081F851001B
:103370000698059ABDF812300399EC46CCF8001077
:10338000114600F045FA8DF81F00EAE0FFF714F946
:103390000290FFE7069890F85000012804D1FFE75B
:1033A00002208DF81F00DCE00699012081F8500012
:1033B000FFE7FFE70699042081F8510006990020F5
:1033C00048650599069A9163BDF81210069A91878F
:1033D000BDF81210069AD187069908630699888667
:1033E0000699C88606990864069948640698806814
:1033F000B0F5004F0DD1FFE706980168086820F08E
:103400004000086006980168086820F48040086061
:10341000FFE706980068006800F04000402807D0E9
:10342000FFE706980168086840F040000860FFE781
:103430000698C068D0BBFFE7FFE70698C08FA0B32F
:10344000FFE7069800688068C00778B1FFE7069834
:103450000068007B0699896B08700699886B0130BB
:1034600088630699C88F0138C8871DE0FFF7A4F864
:103470000299401A0399884204D3FFE70398013068
:1034800018B9FFE7039870B9FFE70699012081F8A2
:103490005100FFE70699002081F85000FFE7032064
:1034A0008DF81F005DE0FFE7C7E739E0FFE706980A
:1034B000C08FA0B3FFE7069800688068C00778B1A6
:1034C000FFE706980068C0680699896B088006992E
:1034D000886B023088630699C88F0138C8871DE061
:1034E000FFF76AF80299401A0399884204D3FFE76C
:1034F0000398013018B9FFE7039870B9FFE7069900
:10350000012081F85100FFE70699002081F8500062
:10351000FFE703208DF81F0023E0FFE7C7E7FFE781
:1035200006980399029A02F099FD20B1FFE70699E7
:1035300020204865FFE70699012081F85100FFE748
:103540000699002081F85000FFE70698406D20B1F1
:10355000FFE701208DF81F0003E000208DF81F0019
:10356000FFE79DF81F0008B080BD000080B588B05F
:1035700006900591ADF812200393FFF71DF8029015
:10358000BDF81200ADF80600069890F85100012829
:1035900004D0FFE702208DF81F0034E1059820B128
:1035A000FFE7BDF8120020B9FFE701208DF81F00EA
:1035B00029E1FFE7069890F85000012804D1FFE7C1
:1035C00002208DF81F001EE10699012081F85000AD
:1035D000FFE7FFE70699032081F8510006990020D4
:1035E00048650599069A1163BDF81210069A9186EE
:1035F000BDF81210069AD1860699886306998887C5
:103600000699C887069948640699086406988068F0
:10361000B0F5004F0DD1FFE706980168086820F06B
:103620004000086006980168086840F4804008601F
:10363000FFE706980068006800F04000402807D0C7
:10364000FFE706980168086840F040000860FFE75F
:103650000698C068B0F5006F51D1FFE70698406842
:1036600028B1FFE7BDF8060001280ED1FFE7069854
:103670000168006B0088C8600699086B0230086317
:103680000699C88E0138C886FFE7FFE70698C08E06
:10369000A0B3FFE7069800688068800700280ED571
:1036A000FFE706980168006B0088C8600699086B00
:1036B000023008630699C88E0138C8861DE0FEF7FF
:1036C0007BFF0299401A0399884204D3FFE70398CD
:1036D000013018B9FFE7039870B9FFE70699012098
:1036E00081F85100FFE70699002081F85000FFE7BC
:1036F00003208DF81F0086E0FFE7C7E750E006983B
:10370000406828B1FFE7BDF8060001280ED1FFE7A9
:1037100006980168006B007808730699086B013001
:1037200008630699C88E0138C886FFE7FFE7069848
:10373000C08EA0B3FFE70698006880688007002865
:103740000ED5FFE706980168006B007808730699AC
:10375000086B013008630699C88E0138C8861DE0E1
:10376000FEF72AFF0299401A0399884204D3FFE723
:103770000398013018B9FFE7039870B9FFE706997D
:10378000012081F85100FFE70699002081F85000E0
:10379000FFE703208DF81F0035E0FFE7C7E7FFE7ED
:1037A00006980399029A02F0CBFC20B1FFE7069934
:1037B00020204865FFE70698806870B9FFE7FFE7BB
:1037C0000020009006980068C06800900698006885
:1037D000806800900098FFE7FFE70699012081F8D4
:1037E0005100FFE70699002081F85000FFE7069896
:1037F000406D20B1FFE701208DF81F0003E000209D
:103800008DF81F00FFE79DF81F0008B080BD000085
:1038100080B58CB0DDF838C00A9009910892ADF8F7
:103820001E3001200390FEF7C7FE04900A9890F81E
:1038300051008DF817000A9840680690BDF81E00E8
:10384000ADF81C009DF81700012812D0FFE706987C
:10385000B0F5827F09D1FFE70A98806828B9FFE7B1
:103860009DF81700042804D0FFE702208DF82F00F0
:103870009BE1099838B1FFE7089820B1FFE7BDF850
:103880001E0020B9FFE701208DF82F008DE1FFE732
:103890000A9890F85000012804D1FFE702208DF823
:1038A0002F0082E10A99012081F85000FFE7FFE72D
:1038B0000A9890F85100042805D0FFE70A990520DE
:1038C00081F85100FFE70A990020486508990A9A93
:1038D0009163BDF81E100A9AD187BDF81E100A9A8E
:1038E000918709990A9A1163BDF81E100A9AD18628
:1038F000BDF81E100A9A91860A9908640A994864CC
:103900000A980068006800F04000402807D0FFE7F0
:103910000A980168086840F040000860FFE70A98CC
:10392000C068B0F5006F40F08180FFE70A984068FA
:1039300028B1FFE7BDF81C0001280ED1FFE70A9867
:103940000168006B0088C8600A99086B0230086340
:103950000A99C88E0138C886FFE7FFE70A98C18E2A
:103960000120019039B9FFE70A98C08F002818BFDD
:1039700001200190FFE70198C007002855D0FFE71C
:103980000A98006880688007002818D5FFE70A9821
:10399000C08EA0B1FFE70398012810D1FFE70A9875
:1039A0000168006B0088C8600A99086B02300863E0
:1039B0000A99C88E0138C88600200390FFE70A984C
:1039C00000688068C007A8B1FFE70A98C08F88B177
:1039D000FFE70A980068C0680A99896B08800A990D
:1039E000886B023088630A99C88F0138C887012024
:1039F0000390FFE7FEF7E0FD0499401A0E99884214
:103A000012D3FFE70E98013070B1FFE70A99012049
:103A100081F85100FFE70A99002081F85000FFE784
:103A200003208DF82F00C0E098E782E00A984068F4
:103A300028B1FFE7BDF81C0001280ED1FFE70A9866
:103A40000168006B007808730A99086B01300863FD
:103A50000A99C88E0138C886FFE7FFE70A98C18E29
:103A60000120009039B9FFE70A98C08F002818BFDD
:103A700001200090FFE70098C007002858D0FFE71A
:103A80000A98006880688007002818D5FFE70A9820
:103A9000C08EA0B1FFE70398012810D1FFE70A9874
:103AA0000168006B007808730A99086B013008639D
:103AB0000A99C88E0138C88600200390FFE70A984B
:103AC00000688068C007A8B1FFE70A98C08F88B176
:103AD000FFE70A980068C0680A99896B08700A991C
:103AE000886B013088630A99C88F0138C887012024
:103AF0000390FFE7FEF760FD0499401A0E99884293
:103B000004D3FFE70E98013018B9FFE70E9870B99B
:103B1000FFE70A99012081F85100FFE70A99002088
:103B200081F85000FFE703208DF82F003DE095E776
:103B3000FFE70A980E99049A02F002FB68B1FFE7CA
:103B40000A9920204865FFE70A99002081F8500073
:103B5000FFE701208DF82F0027E00A98806870B9F0
:103B6000FFE7FFE7002002900A980068C068029013
:103B70000A980068806802900298FFE7FFE70A99B8
:103B8000012081F85100FFE70A99002081F85000D8
:103B9000FFE70A98406D20B1FFE701208DF82F0064
:103BA00003E000208DF82F00FFE79DF82F000CB0F8
:103BB00080BD000080B582B00190019802F0BEFB8C
:103BC00002B080BD81B0009001B0704781B000901C
:103BD00001B0704785B003900291FFE7039890F819
:103BE0003C00012804D1FFE702208DF813007EE09D
:103BF0000399012081F83C00FFE7FFE703990220C9
:103C000081F83D00039800684068019003980068BF
:103C100080680090019820F070000190029801687F
:103C20000198084301900198039909684860039836
:103C300000680021C4F2010188423CD0FFE70398EC
:103C40000068B0F1804F36D0FFE70398006840F27B
:103C50000041C4F2000188422DD0FFE703980068BC
:103C600040F60001C4F20001884224D0FFE7039827
:103C7000006840F60041C4F2000188421BD0FFE713
:103C80000398006840F20041C4F20101884212D05A
:103C9000FFE70398006844F20001C4F20101884282
:103CA00009D0FFE70398006841F60001C4F2000163
:103CB00088420ED1FFE7009820F080000090029823
:103CC000416800980843009000980399096888604B
:103CD000FFE70399012081F83D00FFE703990020E9
:103CE00081F83C00FFE700208DF81300FFE79DF806
:103CF000130005B07047000080B582B000900098B6
:103D000020B9FFE701208DF807003FE0009890F808
:103D10003D0040B9FFE70099002081F83C00009881
:103D200000F038F8FFE70099022081F83D00009983
:103D300051F8040B02F072FB0099012081F8460053
:103D4000FFE70099012081F83E00009981F83F00CB
:103D5000009981F84000009981F84100FFE7FFE7F2
:103D60000099012081F84200009981F843000099F0
:103D700081F84400009981F84500FFE7009901208F
:103D800081F83D0000208DF80700FFE79DF807004F
:103D900002B080BD80B590B00F900F9800680021F0
:103DA000C4F2010188421BD1FFE7FFE700200E901B
:103DB00043F64400C4F20200016841F001010160D1
:103DC000006800F001000E900E98FFE7192008909F
:103DD00000221146FEF788FC0898FEF77BFCBFE046
:103DE0000F980068B0F1804F1BD1FFE7FFE700207C
:103DF0000D9043F64000C4F20200016841F0010159
:103E00000160006800F001000D900D98FFE71C2094
:103E1000079000221146FEF767FC0798FEF75AFC50
:103E20009DE00F98006840F60041C4F2000188420E
:103E30001BD1FFE7FFE700200C9043F64000C4F2DF
:103E40000200016841F008010160006800F008000C
:103E50000C900C98FFE73220069000221146FEF7E6
:103E600043FC0698FEF736FC78E00F98006841F2B4
:103E70000001C4F2000188421BD1FFE7FFE70020E8
:103E80000B9043F64000C4F20200016841F01001BB
:103E90000160006800F010000B900B98FFE73620DF
:103EA000059000221146FEF71FFC0598FEF712FC54
:103EB00053E00F98006841F20041C4F200018842CB
:103EC0001BD1FFE7FFE700200A9043F64000C4F251
:103ED0000200016841F020010160006800F020004C
:103EE0000A900A98FFE73720049000221146FEF757
:103EF000FBFB0498FEF7EEFB2EE00F98006840F203
:103F00000041C4F20101884225D1FFE7FFE700200C
:103F1000099043F64400C4F20200016841F0020136
:103F20000160006800F0020009900998FFE72B206B
:103F30000190002202921146FEF7D6FB0198FEF78F
:103F4000C9FB029A2C2003901146FEF7CDFB039883
:103F5000FEF7C0FBFFE7FFE7FFE7FFE7FFE7FFE74D
:103F600010B080BD83B00190019890F83D00012809
:103F700004D0FFE701208DF80B006AE001990220D0
:103F800081F83D0001980168C86840F00100C860F0
:103F9000019800680021C4F2010188423CD0FFE78B
:103FA00001980068B0F1804F36D0FFE701980068B3
:103FB00040F20041C4F2000188422DD0FFE7019891
:103FC000006840F60001C4F20001884224D0FFE7F7
:103FD0000198006840F60041C4F2000188421BD0FD
:103FE000FFE70198006840F20041C4F201018842F5
:103FF00012D0FFE70198006844F20001C4F2010109
:10400000884209D0FFE70198006841F60001C4F238
:104010000001884212D1FFE701980068806800F033
:10402000070000900098062807D0FFE70198016874
:10403000086840F001000860FFE706E001980168A9
:10404000086840F001000860FFE700208DF80B00D1
:10405000FFE79DF80B0003B07047000080B586B005
:104060000490039100208DF80B00FFE7049890F86E
:104070003C00012804D1FFE702208DF81700ABE0D7
:104080000499012081F83C00FFE7FFE70499022032
:1040900081F83D000498006880680190019820F044
:1040A00077000190019820F47F40019001980499D5
:1040B00009688860039800680090002872D0FFE7C4
:1040C000009810286ED0FFE7009820286AD0FFE7FC
:1040D0000098302866D0FFE70098402855D0FFE7C9
:1040E0000098502837D0FFE70098602840D0FFE7BD
:1040F000009870280BD0FFE70098B0F5805F05D0DE
:10410000FFE70098B0F5005F16D052E055E0049844
:104110000068039B5A689968DB6802F051FA0498BA
:10412000006880680190019840F077000190019844
:1041300004990968886040E004980068039B5A6805
:104140009968DB6802F03CFA04980168886840F4DA
:104150008040886031E004980068039A5168D26812
:1041600002F05EFA04980068502102F043FA24E05D
:1041700004980068039A5168D26802F079FA0498AA
:104180000068602102F036FA17E004980068039A8C
:104190005168D26802F044FA04980068402102F0A5
:1041A00029FA0AE0049800680399096802F022FAE3
:1041B00003E001208DF80B00FFE70499012081F84E
:1041C0003D00FFE70499002081F83C00FFE79DF8DF
:1041D0000B008DF81700FFE79DF8170006B080BDB3
:1041E00081B0009001B0704780B584B0039003980F
:1041F0000068C068029003980068006901909DF80B
:1042000004008007002824D5FFE79DF808008007F8
:1042100000281DD5FFE7039801686FF002000861D0
:10422000039901200877039800688069800720B10E
:10423000FFE70398FFF7D4FF06E0039800F0E2F8E9
:10424000039800F0E3F8FFE7039900200877FFE701
:10425000FFE79DF804004007002825D5FFE79DF8FB
:104260000800400700281ED5FFE7039801686FF09B
:1042700004000861039902200877039800688069A8
:1042800010F4407F04D0FFE70398FFF7A9FF06E092
:10429000039800F0B7F8039800F0B8F8FFE7039927
:1042A00000200877FFE7FFE79DF8040000070028DB
:1042B00024D5FFE79DF80800000700281DD5FFE77B
:1042C000039801686FF008000861039904200877DB
:1042D00003980068C069800720B1FFE70398FFF7E3
:1042E0007FFF06E0039800F08DF8039800F08EF849
:1042F000FFE7039900200877FFE7FFE79DF8040038
:10430000C006002825D5FFE79DF80800C006002854
:104310001ED5FFE7039801686FF01000086103994C
:104320000820087703980068C06910F4407F04D023
:10433000FFE70398FFF754FF06E0039800F062F8E8
:10434000039800F063F8FFE7039900200877FFE780
:10435000FFE79DF80400C00778B1FFE79DF808006B
:10436000C00748B1FFE7039801686FF001000861DA
:10437000039800F04FF8FFE7FFE79DF80400000600
:10438000002810D5FFE79DF808000006002809D591
:10439000FFE7039801686FF0800008610398FFF75A
:1043A00011FCFFE7FFE79DF804004006002810D548
:1043B000FFE79DF808004006002809D5FFE70398AD
:1043C00001686FF040000861039800F099F9FFE779
:1043D000FFE79DF804008006002810D5FFE79DF850
:1043E00008008006002809D5FFE7039801686FF0F0
:1043F000200008610398FFF7E9FBFFE7FFE704B03F
:1044000080BD000081B0009001B0704781B0009085
:1044100001B0704780B584B00390039841F2B03189
:10442000C2F20001884203D1FFE703F061FCFFE71D
:10443000039841F28841C2F20001884267D1FFE748
:1044400040F2CC10C2F20000007838B9FFE740F625
:10445000FC40C2F2000005F0B1F9FFE740F6FC4075
:10446000C2F2000005F0CAF940F6E570C2F20000A1
:10447000007849F69811C1F699114CF6CD42CCF668
:10448000CC4200FB02104FEA7000884237D8FFE7A9
:1044900040F6E370C2F200000078D0B1FFE740F2CE
:1044A0005C10C2F20000022108F01CF840F6E07136
:1044B000C2F2000108780130087040F6E571C2F2DE
:1044C00000010020087040F6E371C2F2000108709C
:1044D00014E040F2EC00C2F200000121029108F069
:1044E00001F8029840F6E371C2F20001087040F64C
:1044F000E571C2F2000100200870FFE7FFE740F617
:10450000E571C2F20001087801300870FFE70398F6
:1045100041F2D041C2F20001884207D1FFE740F2E8
:10452000D010C2F2000007F02FFCFFE7039841F221
:10453000F831C2F20001884240F08780FFE740F680
:10454000E470C2F200000078C007E0BBFFE740F271
:10455000EC00C2F20000B0F90A00012832D1FFE7F6
:1045600040F60030C2F20000007890B9FFE740F258
:10457000EC00C2F2000001219FED602AB0EE420A79
:10458000F0EE420AB0EE421AF0EE421A07F008FFCF
:1045900017E040F68830C2F2000090ED000AB1EE5C
:1045A000402A40F2EC00C2F2000001219FED531AB4
:1045B000F6EE001AB0EE410AF0EE410A07F0F0FE06
:1045C000FFE7FFE739E040F25C10C2F20000B0F90B
:1045D0000A00012830D1FFE740F6F840C2F200009F
:1045E000007890B9FFE740F25C10C2F200000221AF
:1045F0009FED422AB0EE420AF0EE420AB0EE421AB5
:10460000F0EE421A07F0CCFE15E040F67470C2F2EC
:10461000000090ED002A40F25C10C2F2000002217E
:104620009FED361AF6EE001AB0EE410AF0EE410A9E
:1046300007F0B6FEFFE7FFE7FFE740F6E471C2F2DE
:104640000001087801300870FFE7039841F2185123
:10465000C2F2000188424FD1FFE740F2D010C2F20F
:104660000000D0F8042240F22001C2F200010A60EA
:10467000D0F808224A60D0F80C228A60D0F81002E4
:10468000C86043F23330C4F2C310086101F010FC7B
:1046900040F6BC60C2F20000007870B9FFE76846DF
:1046A00000234360036040F24000C2F200004FF478
:1046B00000711A4608F01EF91DE041F24C70C2F27A
:1046C0000000006890ED041A90ED050ABDEEC11AD5
:1046D00011EE102ABDEEC00A10EE103A6946002015
:1046E0004860086040F24000C2F200004FF40071E0
:1046F00008F000F9FFE7FFE704B080BD000000000C
:1047000081B0009001B0704782B00190ADF8021006
:1047100002B0704781B0009001B0704780B588B09A
:10472000079001200690FFE7FFE70798006850E830
:10473000030F20F4F0700590FFE7059907980268D1
:1047400042E803100028F0D1FFE7FFE7FFE7FFE7AB
:104750000798006850E8050F20F001000490FFE77B
:1047600004990798026842E805100028F0D1FFE795
:10477000FFE70798006B012814D1FFE7FFE7FFE789
:104780000798006850E8030F20F010000390FFE73F
:1047900003990798026842E803100028F0D1FFE768
:1047A000FFE7FFE70798806BA8B1FFE7079800686D
:1047B00040690006002808D5FFE70798816B46F698
:1047C0006910C0F60000086504E00798816B0020BE
:1047D0000865FFE7FFE70798C06BA8B1FFE70798F8
:1047E000006840694006002808D5FFE70798C16BBC
:1047F00046F66100C0F60000086504E00798C16B4A
:1048000000200865FFE7FFE7079800684069000699
:10481000002827D5FFE7FFE7FFE70798006850E883
:10482000050F20F080000290FFE7029907980268C8
:1048300042E805100028F0D1FFE7FFE70798806BFA
:1048400078B1FFE70798806BFDF7D4F928B1FFE74F
:104850000798816B0020086502E000200690FFE7C2
:10486000FFE7FFE70798006840694006002829D560
:10487000FFE7FFE7FFE70798006850E8050F20F023
:1048800040000190FFE701990798026842E805108F
:104890000028F0D1FFE7FFE70798C06B88B1FFE77A
:1048A0000798C06BFDF7A6F938B1FFE70798C16B11
:1048B000002008650120069002E000200690FFE736
:1048C000FFE7FFE70698012814D1FFE707990020CA
:1048D000C8840799C88507994864079A202182F8F7
:1048E0004110079A82F84210079908630798FFF76A
:1048F00011FFFFE7002008B080BD000080B584B044
:10490000039000200290039800684069C0B2C0097B
:104910000290039890F84100212823D1FFE70298E4
:1049200000B3FFE7FFE7FFE70398006850E8050FD3
:1049300020F080000190FFE701990398026842E8A7
:1049400005100028F0D1FFE7FFE70398806B28B13E
:10495000FFE70398806BFDF7D7F8FFE7039802F0B5
:1049600099F8FFE7039800684069C0F3801002904F
:10497000039890F84200222823D1FFE7029800B361
:10498000FFE7FFE7FFE70398006850E8050F20F016
:1049900040000090FFE700990398026842E8051084
:1049A0000028F0D1FFE7FFE70398C06B28B1FFE7CD
:1049B0000398C06BFDF7A8F8FFE7039802F00CF826
:1049C000FFE7002004B080BD81B0009001B07047C7
:1049D00080B592B0119011980068006810901198FD
:1049E0000068C0680F901198006840690E90002020
:1049F0000D900C90109800F00F000D900D9888B954
:104A0000FFE79DF84000800600280AD5FFE79DF8E3
:104A10003C008006002804D5FFE7119802F056F804
:104A200002E2FFE70D98002800F0C280FFE79DF842
:104A30003800C00738B9FFE7BDF83C0010F4907F9C
:104A400000F0B680FFE79DF84000C00758B1FFE7CF
:104A50009DF83D00C00730B1FFE71199486C40F068
:104A600001004864FFE79DF84000400700280BD58F
:104A7000FFE79DF83800C00730B1FFE71199486C97
:104A800040F002004864FFE79DF8400080070028DE
:104A90000BD5FFE79DF83800C00730B1FFE711994B
:104AA000486C40F004004864FFE79DF840000007B0
:104AB000002811D5FFE79DF83C008006002805D4AA
:104AC000FFE79DF83800C00730B1FFE71199486C47
:104AD00040F008004864FFE71198406C002866D059
:104AE000FFE79DF84000800600280AD5FFE79DF803
:104AF0003C008006002804D5FFE7119801F0E6FF8E
:104B0000FFE7119800684069C0F380100C9011987D
:104B1000406C0007002804D4FFE70C9800283ED022
:104B2000FFE7119801F058FF1198006840694006AE
:104B300000282FD5FFE7FFE7FFE71198006850E84E
:104B4000050F20F040000B90FFE70B9911980268C9
:104B500042E805100028F0D1FFE7FFE71198C06B8D
:104B600098B1FFE71198C16B46F2D560C0F600001E
:104B700008651198C06BFDF73DF828B1FFE7119863
:104B8000C06B016D8847FFE703E01198FFF71CFF3A
:104B9000FFE703E01198FFF717FFFFE706E0119822
:104BA000FFF712FF119900204864FFE7FFE73BE1A0
:104BB0001198006B012840F01781FFE79DF8400035
:104BC000C006002840F11081FFE79DF83C00C006B8
:104BD000002840F10981FFE7FFE700200A901198C3
:104BE000006800680A901198006840680A900A9866
:104BF000FFE71198006840694006002840F19A805C
:104C0000FFE71198C06B00684068ADF82600BDF85A
:104C10002600002875D0FFE7BDF826001199898D80
:104C200088426EDAFFE7BDF826001199C885119811
:104C3000C06BC069B0F5807F58D0FFE7FFE7FFE7A2
:104C40001198006850E8030F20F480700890FFE787
:104C500008991198026842E803100028F0D1FFE794
:104C6000FFE7FFE7FFE71198006850E8050F20F025
:104C700001000790FFE707991198026842E80510C4
:104C80000028F0D1FFE7FFE7FFE7FFE71198006892
:104C900050E8050F20F040000690FFE706991198B4
:104CA000026842E805100028F0D1FFE7FFE71199FC
:104CB000202081F84200119900200863FFE7FFE7F8
:104CC0001198006850E8030F20F010000590FFE7EE
:104CD00005991198026842E803100028F0D1FFE717
:104CE000FFE71198C06BFCF70FFFFFE71199022057
:104CF00048631198818DC28D891A89B2FFF704FD2E
:104D000017E0BDF826001199898D884210D1FFE780
:104D10001198C06BC069B0F5807F08D1FFE7119989
:104D2000022048631198818DFFF7EEFCFFE7FFE753
:104D3000FFE779E01199888DC98D401AADF812000E
:104D40001198C08D00284ED0FFE7BDF81200002852
:104D500049D0FFE7FFE7FFE71198006850E8030F2D
:104D600020F490700390FFE703991198026842E8DD
:104D700003100028F0D1FFE7FFE7FFE7FFE71198F6
:104D8000006850E8050F20F001000290FFE702994B
:104D90001198026842E805100028F0D1FFE7FFE70C
:104DA0001199202081F84200119900200863FFE743
:104DB000FFE71198006850E8030F20F01000019001
:104DC000FFE701991198026842E803100028F0D12A
:104DD000FFE7FFE71199022048631198BDF8121010
:104DE000FFF792FCFFE71FE09DF840000006002857
:104DF0000AD5FFE79DF83C000006002804D5FFE730
:104E0000119802F04DF80FE09DF840004006002890
:104E10000AD5FFE79DF83C004006002804D5FFE7CF
:104E2000119801F023FEFFE712B080BD80B582B07B
:104E30000090009820B9FFE701208DF8070040E0BE
:104E40000098806908B1FFE700E0FFE7009890F85C
:104E5000410040B9FFE70099002081F84000009828
:104E600000F034F8FFE70099242081F84100009811
:104E70000168C86820F40050C860009801F0DAFEAC
:104E800000980168086920F4904008610098016862
:104E9000486920F02A00486100980168C86840F419
:104EA0000050C860009900204864009A202182F8D0
:104EB0004110009A82F84210009948638DF807006B
:104EC000FFE79DF8070002B080BD000080B5A4B0E8
:104ED000239000202290219020901F901E902398D4
:104EE000006845F20001C4F20001884240F0BD8034
:104EF000FFE7FFE700201D9043F64000C4F20200E8
:104F0000016841F480110160006800F480101D9078
:104F10001D98FFE7FFE700201C9043F63000C4F225
:104F20000200016841F004010160006800F0040023
:104F30001C901C98FFE7FFE700201B9043F6300011
:104F4000C4F20200016841F008010160006800F04D
:104F500008001B901B98FFE74FF480501E90022022
:104F60000D901F9000201190209003200E90219012
:104F700008200F90229040F60000C4F202001EA903
:104F80001091FDF725F9DDF834C00E9A0F981099AD
:104F9000119B4FF0040ECDF878E0CDF87CC0209343
:104FA0002192229040F60040C4F20200FDF710F971
:104FB000119941F25800C2F20000129046F210021C
:104FC000C4F2020202604FF0006242608160C16080
:104FD0004FF48062026141618161C161016241629D
:104FE000FCF7BAFF18B1FFE7FBF798FDFFE7FFE713
:104FF000239841F25801C2F20001C16323988863EB
:10500000FFE741F2B800C2F200000C9046F2B8018E
:10501000C4F2020101604FF00061416040218160F3
:105020000021C1604FF48062026141618161C16110
:1050300001624162FCF790FF18B1FFE7FBF76EFDDC
:10504000FFE7FFE7239841F2B801C2F20001816354
:1050500023988863FFE735200B9000221146FDF767
:1050600043FB0B98FDF736FB1BE22398006841F2E7
:105070000001C4F20101884268D1FFE7FFE7002088
:105080001A9043F64400C4F20200016841F0100196
:105090000160006800F010001A901A98FFE7FFE71F
:1050A0000020199043F63000C4F20200016841F07C
:1050B00001010160006800F0010019901998FFE7F4
:1050C0004FF4C0601E9002201F900120209003200A
:1050D0002190072022900020C4F202001EA9FDF7B3
:1050E00077F841F21810C2F200000A9046F24041EF
:1050F000C4F2020101604FF0006141600021816053
:10510000C1604FF48062026141618161C1614FF40D
:10511000403202624162FCF71FFF18B1FFE7FBF764
:10512000FDFCFFE7FFE7239841F21811C2F20001EE
:10513000C16323988863FFE7252009900022114668
:10514000FDF7D2FA0998FDF7C5FAA9E1239800689E
:1051500044F20041C4F20001884240F09480FFE72D
:10516000FFE70020189043F64000C4F202000168F7
:1051700041F400310160006800F400301890189884
:10518000FFE7FFE70020179043F63000C4F202006B
:10519000016841F001010160006800F00100179012
:1051A0001798FFE70C201E9002201F9001202090EE
:1051B00003202190072022900020C4F202001EA9A3
:1051C000FDF706F841F27810C2F20000089046F2AE
:1051D0008801C4F2020101604FF0006141600021CA
:1051E0008160C1604FF48062026141618161C1618F
:1051F0004FF4403202624162FCF7AEFE18B1FFE7A5
:10520000FBF78CFCFFE7FFE7239841F27811C2F22D
:105210000001C16323988863FFE741F2D810C2F20E
:105220000000079046F2A001C4F2020101604FF0B5
:1052300000614160402181600021C1604FF48062C3
:10524000026141618161C1614FF440320262416299
:10525000FCF782FE18B1FFE7FBF760FCFFE7FFE712
:10526000239841F2D811C2F2000181632398886328
:10527000FFE72620069000221146FDF735FA069832
:10528000FDF728FA0BE12398006844F60001C4F208
:105290000001884240F09280FFE7FFE7002016906F
:1052A00043F64000C4F20200016841F4802101602D
:1052B000006800F4802016901698FFE7FFE70020B2
:1052C000159043F63000C4F20200016841F002017B
:1052D0000160006800F0020015901598FFE74FF498
:1052E00040601E9002201F900120209003202190FA
:1052F0000720229040F20040C4F202001EA9FCF7F1
:1053000067FF41F23820C2F20000059046F2280102
:10531000C4F2020101604FF0006141600021816030
:10532000C1604FF48062026141618161C1610162CB
:105330004162FCF711FE18B1FFE7FBF7EFFBFFE757
:10534000FFE7239841F23821C2F20001C16323989C
:105350008863FFE741F29820C2F20000049046F211
:105360005801C4F2020101604FF000614160402128
:1053700081600021C1604FF48062026141618161FE
:10538000C16101624162FCF7E7FD18B1FFE7FBF77D
:10539000C5FBFFE7FFE7239841F29821C2F2000125
:1053A000816323988863FFE727200390002211463A
:1053B000FDF79AF90398FDF78DF96FE023980068DF
:1053C00041F20041C4F20101884266D1FFE7FFE7E4
:1053D0000020149043F64400C4F20200016841F03A
:1053E00020010160006800F0200014901498FFE78D
:1053F000FFE70020139043F63000C4F2020001687A
:1054000041F004010160006800F00400139013985B
:10541000FFE7C0201E9002201F9001202090032053
:1054200021900820229040F60000C4F202001EA93C
:10543000FCF7CEFE41F2F820C2F20000029046F2E4
:105440002841C4F2020101604FF020614160002157
:105450008160C1604FF48062026141618161C1611C
:1054600001624162FCF778FD18B1FFE7FBF756FBDC
:10547000FFE7FFE7239841F2F821C2F20001C16380
:1054800023988863FFE74720019000221146FDF72B
:105490002BF90198FDF71EF9FFE7FFE7FFE7FFE7AC
:1054A000FFE724B080BD000080B584B00290019178
:1054B000ADF80220029890F84200202817D1FFE7AB
:1054C000019820B1FFE7BDF8020020B9FFE70120F5
:1054D0008DF80F000FE002990020086302980199EF
:1054E000BDF8022001F044FC8DF80F0003E002201B
:1054F0008DF80F00FFE79DF80F0004B080BD00009D
:1055000081B0009001B0704781B0009001B0704749
:1055100080B58AB008900791ADF81A200593002055
:105520000290089890F84100202840F08180FFE721
:10553000079820B1FFE7BDF81A0020B9FFE7012066
:105540008DF8270078E00899002048640899212008
:1055500081F84100FDF730F80290BDF81A00089973
:105560008884BDF81A000899C88408988068B0F546
:10557000805F09D1FFE70898006928B9FFE700209C
:1055800004900798039004E007980490002003908B
:10559000FFE7FFE70898C08C78B3FFE70898029B05
:1055A00005996A4611608021002201F0C3FC40B1D8
:1055B000FFE70899202081F8410003208DF827009B
:1055C0003AE0049858B9FFE7039800886FF35F202A
:1055D00008990968486003980230039008E004982D
:1055E0000078089909684860049801300490FFE742
:1055F0000899C88C0138C884CCE70898029B0599A3
:105600006A4611604021002201F094FC40B1FFE79E
:105610000899202081F8410003208DF827000BE035
:105620000899202081F8410000208DF8270003E030
:1056300002208DF82700FFE79DF827000AB080BD03
:1056400080B586B004900391ADF80A20049890F8D4
:10565000410020286AD1FFE7039820B1FFE7BDF899
:105660000A0020B9FFE701208DF8170062E00398D7
:1056700004990862BDF80A0004998884BDF80A00FC
:105680000499C884049900204864049A212182F86E
:10569000411004998A6B46F6ED01C0F60001D16312
:1056A00004998A6B46F6C111C0F600011164049991
:1056B0008A6B46F2F161C0F60001D1640499896BEE
:1056C000086503A8019004980268806B0199096835
:1056D0000432BDF80A30FCF7F7FC58B1FFE7049933
:1056E000102048640499202081F8410001208DF8A1
:1056F00017001FE0049801686FF040000860FFE7A2
:10570000FFE70498006850E8050F40F08000009023
:10571000FFE700990498026842E805100028F0D1DC
:10572000FFE7FFE700208DF8170003E002208DF867
:105730001700FFE79DF8170006B080BD81B000900C
:1057400001B0704781B0009001B07047FFE7FEE7FD
:1057500080B582B041F20800C2F20000019046F22A
:105760000041C4F200010160062141600021816016
:10577000C1604FF4403202614FF480124261017601
:10578000012242768176C27601774177FBF7FAFEF5
:1057900018B1FFE7FBF7C2F9FFE702B080BD0000D8
:1057A00080B582B041F23000C2F20000019046F6AE
:1057B0000001C4F200010160062141600021816006
:1057C000C1604FF4403202614FF4801242610176B1
:1057D000012242768176C27601774177FBF7D2FECD
:1057E00018B1FFE7FBF79AF9FFE702B080BD0000B0
:1057F00080B58CB0FFE700200B9043F63000C4F278
:105800000200016841F480010160006800F480003A
:105810000B900B98FFE7FFE700200A9043F630005B
:10582000C4F20200016841F400110160006800F454
:1058300000100A900A98FFE70B20019000220892BE
:105840001146FCF751FF0198FCF744FF089A0C2021
:1058500002901146FCF748FF0298FCF73BFF089ABC
:105860000E2003901146FCF73FFF0398FCF732FF30
:10587000089A102004901146FCF736FF0498FCF7B4
:1058800029FF089A112005901146FCF72DFF059875
:10589000FCF720FF089A2F2006901146FCF724FF02
:1058A0000698FCF717FF089A392007901146FCF775
:1058B0001BFF0798FCF70EFF089A3A200990114643
:1058C000FCF712FF0998FCF705FF0CB080BD000043
:1058D00080B594B0002013901290119010900F900A
:1058E000FFE700200E9043F63000C4F2020001688A
:1058F00041F080010160006800F080000E900E9879
:10590000FFE7FFE700200D9043F63000C4F20200ED
:10591000016841F001010160006800F001000D9094
:105920000D98FFE7FFE700200C9043F63000C4F22B
:105930000200016841F004010160006800F0040009
:105940000C900C98FFE7FFE700200B9043F6300027
:10595000C4F20200016841F002010160006800F039
:1059600002000B900B98FFE7FFE700200A9043F638
:105970003000C4F20200016841F0080101600068D3
:1059800000F008000A900A98FFE70020C4F2020025
:1059900001901021049100220792FCF7F5FD049973
:1059A000079A40F60000C4F202000390FCF7ECFDF9
:1059B000079A40F20040C4F2020008906421059169
:1059C000FCF7E2FD0198049A07990F9201220692D2
:1059D000109211910321029112910FA90991FCF7E4
:1059E000F7FB029A0398DDF818C0079B0999DDF8C8
:1059F00010E0CDF83CE0CDF840C011931292FCF7D6
:105A0000E7FBDDF814C0069B079A08980999CDF8C2
:105A10003CC0109311921292FCF7DAFB14B080BDD7
:105A200080B582B041F25830C2F20000019043F2DA
:105A30000001C4F2010101604FF482714160002154
:105A40008160C160016141614FF40072826118227E
:105A5000C2610162416281620A21C162FDF796FB67
:105A600018B1FFE7FBF75AF8FFE702B080BD00006E
:105A700080B588B0002100910791069105910491AD
:105A80000391029141F2B030C2F200000190002275
:105A9000C4F20102026053224260816040F69F72AC
:105AA000C260016141618161FEF726F918B1FFE72B
:105AB000FBF734F8FFE74FF48050049041F2B03028
:105AC000C2F2000004A9FEF7C9FA18B1FFE7FBF71C
:105AD00025F8FFE700200290039041F2B030C2F2B7
:105AE000000002A9FEF776F818B1FFE7FBF716F8F9
:105AF000FFE708B080BD000080B588B000210191AB
:105B000007910691059104910391029141F2F830B9
:105B1000C2F200004FF08042026053224260816076
:105B200040F2F312C26001618161FEF7E5F818B13D
:105B3000FFE7FAF7F3FFFFE74FF48050049041F2DC
:105B4000F830C2F2000004A9FEF788FA18B1FFE7A6
:105B5000FAF7E4FFFFE700200290039041F2F830EB
:105B6000C2F2000002A9FEF735F818B1FFE7FAF714
:105B7000D5FFFFE708B080BD80B588B00021019156
:105B800007910691059104910391029141F24040E1
:105B9000C2F2000040F60042C4F20002026053224A
:105BA0004260816040F2E732C26001618161FEF7CC
:105BB000A3F818B1FFE7FAF7B1FFFFE74FF4805001
:105BC000049041F24040C2F2000004A9FEF746FAF8
:105BD00018B1FFE7FAF7A2FFFFE700200290039059
:105BE00041F24040C2F2000002A9FDF7F3FF18B1F4
:105BF000FFE7FAF793FFFFE708B080BD80B582B0FA
:105C000000210191009141F28840C2F2000041F26E
:105C10000002C4F20002026040F24732426081603A
:105C200042F20F72C2608161FEF766F818B1FFE7B9
:105C3000FAF774FFFFE700200090019041F28840DE
:105C4000C2F200006946FDF7C5FF18B1FFE7FAF799
:105C500065FFFFE702B080BD80B582B000210191F1
:105C6000009141F2D040C2F2000041F20042C4F281
:105C70000002026053224260816040F2E732C2605B
:105C80008161FEF739F818B1FFE7FAF747FFFFE740
:105C900000200090019041F2D040C2F2000069461D
:105CA000FDF798FF18B1FFE7FAF738FFFFE702B0FA
:105CB00080BD000080B588B0002100910791069159
:105CC000059104910391029141F21850C2F2000033
:105CD000019040F20042C4F201020260532242608D
:105CE000816040F2E142C260016141618161FEF781
:105CF00003F818B1FFE7FAF711FFFFE74FF4805000
:105D0000049041F21850C2F2000004A9FEF7A6F96F
:105D100018B1FFE7FAF702FFFFE7002002900390B7
:105D200041F21850C2F2000002A9FDF753FF18B16A
:105D3000FFE7FAF7F3FEFFE708B080BD80B582B059
:105D400041F23860C2F20000019045F20001C4F255
:105D5000000101604FF4E131416000218160C160C8
:105D600001610C2242618161C161FFF75FF818B1E6
:105D7000FFE7FAF7D3FEFFE702B080BD80B582B03F
:105D800041F26050C2F20000019041F20001C4F201
:105D9000010101604FF46121416000218160C16017
:105DA00001610C2242618161C161FFF73FF818B1C6
:105DB000FFE7FAF7B3FEFFE702B080BD80B582B01F
:105DC00041F2A850C2F20000019044F20041C4F236
:105DD000000101604FF4E121416000218160C16058
:105DE00001610C2242618161C161FFF71FF818B1A6
:105DF000FFE7FAF793FEFFE702B080BD80B582B0FF
:105E000041F2F050C2F20000019044F60001C4F2E9
:105E1000000101604FF4E131416000218160C16007
:105E200001610C2242618161C161FEF7FFFF18B17F
:105E3000FFE7FAF773FEFFE702B080BD80B582B0DE
:105E400041F28060C2F20000019041F20041C4F2D0
:105E50000101016048F2A061C0F2010141604FF40C
:105E6000805181600021C1604FF4806202610C2288
:105E700042618161C161FEF7D9FF18B1FFE7FAF70E
:105E80004DFEFFE702B080BDFFE7FEE780B541F2BF
:105E9000A850C2F200000268D16841F01001D16040
:105EA00040F62011C2F200018022FFF7FDFA80BD0A
:105EB00080B584B040F6F070C2F20000007801288E
:105EC00007D1FFE740F6DA71C2F200010220087044
:105ED0001AE040F6F070C2F200000078022807D104
:105EE000FFE740F6DA71C2F20001032008700AE011
:105EF00040F6D830C2F20000007840F6DA71C2F203
:105F000000010870FFE7FFE740F6A011C2F20001B0
:105F100001915A2008705320487040F6DA70C2F29E
:105F200000000078887040F22000C2F20000029069
:105F3000827DCA70C27D0A7102784A7142788A7184
:105F40008278CA71C2780A7202794A7242798A7278
:105F50008279CA72C2790A73027A4A73427A8A7360
:105F6000827ACA73C27A0A74027B4A74427B8A7448
:105F7000827BCA74C27B0A75027C4A75427C8A7530
:105F8000827CCA75C07C087619200390FFE70398CD
:105F900019280CDCFFE7039A40F6A011C2F20001B9
:105FA00000208854FFE7039801300390EFE740F6A4
:105FB000A010C2F2000000901B2102F05DF90099D0
:105FC000024640F22000C2F200008282027DCA76C0
:105FD000407D087741F2A850C2F200001D22FFF771
:105FE0002FFB04B080BD0000FFE7FEE788B00790FC
:105FF00006910592079800F0070004900498C0F1FC
:106000000700052803D3FFE70420019004E004986B
:10601000C0F107000190FFE7019803900498043055
:10602000062803D8FFE70020009003E00498033817
:106030000090FFE70098029006980399012202FA67
:1060400001F101390840029B984005999A40013AB4
:106050001140084308B070477047000080B586B013
:1060600004900391029204984068B0F5827F13D1A6
:10607000FFE704988068B0F5004F06D0FFE704986A
:106080008068B0F5806F07D1FFE704980168086861
:1060900020F040000860FFE704984068B0F5827F78
:1060A00031D1FFE704988068B0F5806F15D0FFE725
:1060B0000498039B02996A4611608021002200F037
:1060C000A5F848B1FFE70499486D40F02000486505
:1060D00003208DF817002FE014E00498039B029929
:1060E0006A4611600121002200F090F848B1FFE7F4
:1060F0000499486D40F02000486503208DF8170092
:106100001AE0FFE714E00498039B02996A461160C5
:106110000121002200F07AF848B1FFE70499486DA8
:1061200040F02000486503208DF8170004E0FFE7E9
:1061300000208DF81700FFE79DF8170006B080BD1E
:1061400080B586B00490039102920498039B029953
:106150006A4611600221012200F058F848B1FFE7B9
:106160000499486D40F02000486503208DF8170021
:1061700048E040F21000C2F2000000684AF6AB218D
:10618000CAF6AA21A0FB011000094FF2A171C1F2C9
:10619000C601A0FB0110000C4FF47A714843019036
:1061A00004984068B0F5827F15D1FFE70498039BFF
:1061B00002996A4611608021002200F027F848B158
:1061C000FFE70499486D40F02000486503208DF8F2
:1061D000170017E012E0FFE7019808B9FFE70CE0AD
:1061E000019801380190FFE7049800688068C1B207
:1061F0000020B0EBD11FEFD1FFE7FFE700208DF8C3
:106200001700FFE79DF8170006B080BD80B58AB083
:10621000DDF830C0089007918DF81B200593059894
:106220000190FCF7C9F9024601980C99891A0844B3
:106230000390FCF7C1F90290039840F21001C2F2FA
:1062400000010968C1F3CB3148430490FFE7089887
:106250000068806807990840401AB0FA80F0400949
:106260009DF81B1088425FD0FFE705980130002899
:1062700059D0FFE7FCF7A0F90299401A0399884228
:1062800004D2FFE70398002842D1FFE7089801688D
:10629000486820F0E000486008984068B0F5827FC8
:1062A00013D1FFE708988068B0F5004F06D0FFE7EC
:1062B00008988068B0F5806F07D1FFE708980168FB
:1062C000086820F040000860FFE70898806AB0F591
:1062D000005F0FD1FFE7FFE708980168086820F426
:1062E0000050086008980168086840F40050086091
:1062F000FFE7FFE70899012081F85100FFE70899BF
:10630000002081F85000FFE703208DF827000FE000
:10631000049818B9FFE70020039003E004980138BF
:106320000490FFE7FFE792E700208DF82700FFE7E2
:106330009DF827000AB080BD7047000080B582B08C
:10634000009000980138B0F1807F03D3FFE701206F
:10635000019019E0009801384EF21401CEF20001CC
:1063600008604FF0FF300F2106F09AFD4EF2180141
:10637000CEF20001002008604EF21002CEF20002C0
:10638000072111600190FFE7019802B080BD000075
:1063900080B5FCF717F980BD4EF68851CEF20001AA
:1063A000086840F4700008607047000080B541F252
:1063B000B030C2F20000FDF717FF80BD80B541F29A
:1063C000F830C2F20000FDF70FFF80BD80B541F24A
:1063D0004040C2F20000FDF707FF80BD80B541F2EA
:1063E0008840C2F20000FDF7FFFE80BD80B541F29B
:1063F000D040C2F20000FDF7F7FE80BD80B541F24B
:106400001850C2F20000FDF7EFFE80BD80B541F2EA
:106410001850C2F20000FDF7E7FE80BD83B0029085
:10642000019102980068009002980021C4F20101D5
:10643000884225D0FFE70298B0F1804F20D0FFE7D7
:10644000029840F20041C4F20001884218D0FFE7F0
:10645000029840F60001C4F20001884210D0FFE724
:10646000029840F60041C4F20001884208D0FFE7DC
:10647000029840F20041C4F2010188420AD1FFE7CC
:10648000009820F07000009001984168009808433F
:106490000090FFE702980021C4F20101884255D024
:1064A000FFE70298B0F1804F50D0FFE7029840F22A
:1064B0000041C4F20001884248D0FFE7029840F64C
:1064C0000001C4F20001884240D0FFE7029840F684
:1064D0000041C4F20001884238D0FFE7029840F240
:1064E0000041C4F20101884230D0FFE7029844F233
:1064F0000001C4F20101884228D0FFE7029844F26B
:106500000041C4F20101884220D0FFE7029844F61E
:106510000001C4F20101884218D0FFE7029841F659
:106520000001C4F20001884210D0FFE7029841F652
:106530000041C4F20001884208D0FFE7029842F20D
:106540000001C4F2000188420AD1FFE7009820F45C
:10655000407000900198C168009808430090FFE7E0
:10656000009820F080000199496908430090019843
:1065700080680299C862019800680299886202984E
:106580000021C4F20101884208D0FFE7029840F2DE
:106590000041C4F20101884205D1FFE7019800697A
:1065A00002990863FFE70299086840F00400086058
:1065B00002990120486100980299086003B0704771
:1065C00085B0049003910292019304988068009032
:1065D000009820F47F40009003980299019A41EAC4
:1065E00002210143009808430090009804998860B4
:1065F00005B0704783B002900191029880680090C6
:10660000009820F07000009001980099084340F035
:106610000700009000980299886003B0704700005E
:1066200085B00490039102920498006A0090049946
:10663000086A20F0010008620498806901900198BE
:1066400020F0F00001900299019840EA01100190B9
:10665000009820F00A0000900399009808430090E9
:1066600001980499886100980499086205B0704700
:1066700085B00490039102920498006A00900499F6
:10668000086A20F01000086204988069019001985F
:1066900020F4704001900299019840EA0130019085
:1066A000009820F0A00000900399009840EA0110A3
:1066B000009001980499886100980499086205B0D7
:1066C0007047000080B541F23860C2F20000FEF76A
:1066D0007FF980BD80B582B001900198806B0090F9
:1066E00000990020C8850098FEF76EF902B080BDC1
:1066F00080B584B00390002002900398806B0190D5
:10670000019800684069C0B2C0090290019890F8F1
:10671000410021280AD1FFE7029838B1FFE701992B
:106720000020C884019800F0B5F9FFE701980068DF
:106730004069C0F380100290019890F8420022282E
:106740000AD1FFE7029838B1FFE701990020C88518
:10675000019800F041F9FFE70199486C40F0100002
:1067600048640198FEF730F904B080BD80B586B06A
:1067700005900598806B0490059800680068C00536
:1067800000285AD4FFE704990020C885FFE7FFE7F7
:106790000498006850E8030F20F480700390FFE72E
:1067A00003990498026842E803100028F0D1FFE73B
:1067B000FFE7FFE7FFE70498006850E8050F20F0C7
:1067C00001000290FFE702990498026842E8051070
:1067D0000028F0D1FFE7FFE7FFE7FFE70498006834
:1067E00050E8050F20F040000190FFE70199049860
:1067F000026842E805100028F0D1FFE7FFE704999E
:10680000202081F842000498006B012814D1FFE792
:10681000FFE7FFE70498006850E8030F20F010003E
:106820000090FFE700990498026842E803100028EE
:10683000F0D1FFE7FFE7FFE7FFE704990020486397
:106840000498006B012805D1FFE70498818DFDF7BE
:106850005BFF03E00498FEF753FEFFE706B080BD40
:1068600080B582B001900198806B00900098C16B58
:10687000002008650098806B38B1FFE70098806BB6
:10688000006D08B1FFE714E0FFE700990020C8841D
:106890000099C88500994864009A202182F8411027
:1068A000009A82F84210009908630098FDF732FFC1
:1068B000FFE702B080BD000080B582B00190019872
:1068C000806B00900099012048630098006B0128BC
:1068D00006D1FFE70098818D4908FDF715FF03E019
:1068E0000098FEF711FEFFE702B080BD80B584B0CE
:1068F00003900398806B0290039800680068C005BD
:1069000000282AD4FFE702990020C884FFE7FFE7A8
:106910000298006850E8050F20F080000190FFE722
:1069200001990298026842E805100028F0D1FFE7BB
:10693000FFE7FFE7FFE70298006850E8030F40F029
:1069400040000090FFE700990298026842E80310B7
:106950000028F0D1FFE7FFE703E00298FEF7EEFE24
:10696000FFE704B080BD000080B582B001900198BF
:10697000806B00900098816B002008650098C06BC8
:1069800038B1FFE70098C06B006D08B1FFE714E075
:10699000FFE700990020C8840099C88500994864E1
:1069A000009A202182F84110009A82F84210009942
:1069B00008630098FDF7AEFEFFE702B080BD00005F
:1069C00080B582B001900198806B00900098FEF72E
:1069D000B9FE02B080BD000084B00390FFE7FFE77E
:1069E0000398006850E8030F20F490700290FFE7CE
:1069F00002990398026842E803100028F0D1FFE7EB
:106A0000FFE7FFE7FFE70398006850E8050F20F075
:106A100001000190FFE701990398026842E8051020
:106A20000028F0D1FFE7FFE70398006B012814D19D
:106A3000FFE7FFE7FFE70398006850E8030F20F047
:106A400010000090FFE700990398026842E80310E5
:106A50000028F0D1FFE7FFE7FFE70399202081F846
:106A6000420003990020086304B0704780B582B0EB
:106A7000019001980168C86820F04000C860019941
:106A8000202081F841000198FEF758FE002002B056
:106A900080BD000082B00190FFE7FFE70198006829
:106AA00050E8030F20F0C0000090FFE70099019824
:106AB000026842E803100028F0D1FFE7FFE70199E0
:106AC000202081F8410002B07047000080B586B0F8
:106AD0000490002003900290049890F8420022282D
:106AE00040F0A080FFE704988068B0F5805F13D184
:106AF000FFE70498006978B9FFE70498806A02907C
:106B00000498006840686FF35F2002990880049938
:106B1000886A0230886223E00498806A03900498AF
:106B20008068B0F5805F08D0FFE70498806850B9AE
:106B3000FFE70498006930B9FFE7049800684068EF
:106B40000399087007E004980068406800F07F002F
:106B500003990870FFE70499886A01308862FFE7AB
:106B60000499C88D0138C8850004002856D1FFE774
:106B700004980168C86820F02000C8600498016883
:106B8000C86820F48070C86004980168486920F0E3
:106B9000010048610499202081F8420004990020F6
:106BA00048630498006B012830D1FFE70499002066
:106BB0000863FFE7FFE70498006850E8030F20F040
:106BC00010000190FFE701990498026842E8031061
:106BD0000028F0D1FFE7FFE7049800680068C006CE
:106BE00000280ED5FFE7FFE700200090049800681A
:106BF0000068009004980068406800900098FFE7E3
:106C0000FFE70498818DFDF77FFD03E00498FEF710
:106C100077FCFFE700208DF8170007E000208DF8D3
:106C2000170003E002208DF81700FFE79DF817001A
:106C300006B080BD80B586B00590059800680069F3
:106C400020F44050059A1168D268104308610599F4
:106C500088680B694A69C96918431043084304905E
:106C600005980068C06849F20C618843049908439C
:106C700005990968C86005980068406920F440706B
:106C8000059A11689269104348610598006841F2BD
:106C90000001C4F20101884209D0FFE705980068AD
:106CA00041F20041C4F20101884204D1FFE7FBF741
:106CB00087FE039003E0FBF771FE0390FFE7059862
:106CC000C069B0F5004F29D1FFE703981921A0FB57
:106CD0000101059A1368029353685A00DB0FF9F714
:106CE00071FA0299864648F21F53C5F2EB13AEFBC8
:106CF0000320420910014FF0640C02FB1CEC32220D
:106D000002EBCC02A2FB0332F82303EA521300EB9E
:106D10004300C2F342121044886026E00398192110
:106D2000A0FB0101059A1368019353689A009B0F19
:106D3000F9F748FA0199844648F21F52C5F2EB125E
:106D4000ACFB02304309642003FB10CC322000EB83
:106D50000C10A0FB0202F02000EA521000EB03101E
:106D6000C2F3431210448860FFE706B080BD000004
:106D700080B58AB008900791ADF81A200798089955
:106D80008862BDF81A00089988850899002048642F
:106D9000089A222182F842100899CA6B46F26D7156
:106DA000C0F60001D1630899CA6B46F6B901C0F676
:106DB000000111640899CA6B46F2F161C0F6000146
:106DC000D1640899C96B086507A8059008980168FF
:106DD000C06B0431059A1268BDF81A30FBF774F9DC
:106DE00058B1FFE70899102048640899202081F8DD
:106DF000420001208DF827004EE0FFE700200490BC
:106E0000089800680068049008980068406804903A
:106E10000498FFE708980069A0B1FFE7FFE7FFE7E4
:106E20000898006850E8030F40F480700390FFE773
:106E300003990898026842E803100028F0D1FFE7A0
:106E4000FFE7FFE7FFE7FFE70898006850E8050F56
:106E500040F001000290FFE702990898026842E8BA
:106E600005100028F0D1FFE7FFE7FFE7FFE70898EC
:106E7000006850E8050F40F040000190FFE70199DD
:106E80000898026842E805100028F0D1FFE7FFE704
:106E900000208DF82700FFE79DF827000AB080BD8D
:106EA00083B00190019890F8410021283AD1FFE782
:106EB00001988068B0F5805F13D1FFE70198006901
:106EC00078B9FFE70198006A0090009800886FF396
:106ED0005F200199096848600199086A02300862D8
:106EE00008E0019A106A411C116200780199096852
:106EF0004860FFE70199C88C0138C884000468B96C
:106F0000FFE701980168C86820F08000C860019818
:106F10000168C86840F04000C860FFE700208DF8B5
:106F20000B0003E002208DF80B00FFE79DF80B003B
:106F300003B0704780B586B0DDF820C0049003919F
:106F40008DF80B200193FFE704980068006803990F
:106F50000840401AB0FA80F040099DF80B108842B2
:106F60004DD1FFE708980130002847D0FFE7FBF735
:106F700023FB0199401A0899884203D8FFE7089833
:106F800020B9FFE703208DF817003CE00498006863
:106F9000C0684007002830D5FFE7039880282CD030
:106FA000FFE70398402828D0FFE7049800680068AE
:106FB00000F008010120B0EBD10F1DD1FFE7FFE782
:106FC0000020009004980068006800900498006811
:106FD000406800900098FFE70498FFF7FDFC0499D3
:106FE00008204864FFE70499002081F84000FFE78B
:106FF00001208DF8170006E0FFE7FFE7A4E7002077
:107000008DF81700FFE79DF8170006B080BD00005F
:1070100080B584B040F6FC40C2F20000039002F05C
:10702000B7FC0398D0F80001C0F3013140F6B4601A
:10703000C2F2000001F00CFC012811D0FFE740F67D
:10704000FC40C2F20000D0F80001C0F3013140F66C
:10705000B660C2F2000001F0FBFB022825D1FFE779
:1070600041F28060C2F200000290FDF747FC0298F6
:107070000168C86820F07000C86040F6F871C2F27C
:1070800000010A684868013240F100000A60486067
:1070900040F2CC11C2F200010120087040F6FC4021
:1070A000C2F2000002F0F4F8FFE740F6FC40C2F242
:1070B0000000D0F80001C0F3013140F6B860C2F220
:1070C000000001F0C5FB032811D0FFE740F6FC40AB
:1070D000C2F20000D0F80001C0F3013140F6BA60FE
:1070E000C2F2000001F0B4FB05282BD1FFE741F20A
:1070F0008060C2F2000002686FF020011160026837
:10710000D16841F02001D16040F6FC41C2F200019B
:10711000019108311922FEF7C7F9019841F20002E6
:10712000C2F2000213685168013341F1000113609B
:10713000516040F2CC12C2F200020021117002F044
:10714000A7F8FFE741F26050C2F20000FDF740FCF3
:1071500004B080BD0000000080B58CB041F2A850A2
:10716000C2F200000068006800F010010020B0EBDF
:10717000111F00F02E81FFE7FFE700200A9041F287
:10718000A850C2F20000016809680A9100684068CE
:107190000A900A98FFE741F2A850C2F20000089056
:1071A000016809680B91016849680B91FDF7A6FB1E
:1071B00040F62010C2F200000990F9F7B3FC0898DD
:1071C00009998022FEF770F909980078662840F046
:1071D000FF80FFE740F62010C2F20000007F112878
:1071E00040F0F680FFE740F6BC60C2F20000007895
:1071F000062809D0FFE740F6BC60C2F20000007824
:10720000052840F0E480FFE741F25C70C2F2000024
:107210004088002800F0DA80FFE741F25C70C2F29B
:107220000000407808B1FFE7CFE040F68C40C2F2A2
:1072300000000078012809D0FFE740F68C40C2F238
:1072400000000078022840F0BF80FFE740F68C4045
:10725000C2F2000003908068F9F7EDF941EC100BE1
:1072600051EC100B9FED600B53EC102B029301922D
:10727000F9F7B9F841EC100B51EC100BF9F7EEF9F6
:107280000146039840F6D072C2F200021160C06855
:10729000F9F7D1F9019A029B41EC100B51EC100B5C
:1072A000F9F7A1F841EC100B51EC100BF9F7D6F9F6
:1072B0000146039840F6CC72C2F2000211604069A8
:1072C000F9F7B9F9019A029B41EC100B51EC100B44
:1072D000F9F789F841EC100B51EC100BF9F7BEF9F6
:1072E0000146039840F6C872C2F20002116080693C
:1072F000F9F7A1F9019A029B41EC100B51EC100B2C
:10730000F9F771F841EC100B51EC100BF9F7A6F9F5
:107310000146039840F6C472C2F200021160406850
:10732000F9F789F941EC100B51EC100B9FED300B84
:1073300053EC102B05930492F9F755F841EC100B20
:1073400051EC100B9FED2C0B53EC102B0793069276
:10735000F9F7BBF841EC100B51EC100BF9F77EF983
:1073600000EE100A40F2D010C2F20000D0ED770A11
:1073700090ED7A1A00F038FB039841F28871C2F25E
:107380000001096881ED010A0069F9F754F9049ACE
:10739000059B41EC100B51EC100BF9F724F8069A01
:1073A000079B41EC100B51EC100BF9F78EF841ECF8
:1073B000100B51EC100BF9F751F941F25471C2F274
:1073C000000109684860FFE7FFE7FFE7FFE7FFE725
:1073D000FFE741F2A850C2F20000FDF7F9FA0CB045
:1073E00080BD00BF00BF00BF6666666666A64C40F3
:1073F00000000000008066404AD8124DFB21094081
:1074000080B541F2F050C2F20000FDF7E1FA80BD14
:1074100080B540F6FC40C2F2000002F077FA41F27B
:107420008060C2F20000FDF7D3FA80BDFFE7FEE7FF
:1074300080B505F095FD80BD80B505F0A9FD80BD46
:1074400080B505F0ADFD05F0D1FD05F01FFF05F09D
:10745000F1FF06F071F806F0E1F806F04FF906F0DA
:10746000BBF906F013FA06F083FA80BD80B505F08B
:107470007FFD80BD80B505F083FD80BD80B505F042
:1074800067FD80BD80B505F093FD05F0CDFD05F0ED
:107490001DFF05F0EFFF06F06FF806F0E3F806F0C9
:1074A0004FF906F0BBF906F011FA06F071FA05F093
:1074B000F5FD05F02DFE05F057FE05F077FE80BDC9
:1074C00080B505F07DFD05F0CDFD05F01DFF05F053
:1074D000EFFF06F073F806F0E3F806F051F906F056
:1074E000A7F906F0FDF906F05DFA05F0E1FD05F0FB
:1074F00019FE80BD80B505F023FD80BD80B505F087
:107500000FFD05F065FD05F0B3FE05F085FF06F003
:1075100005F806F075F806F0E3F806F04FF906F006
:10752000A7F906F0FBF905F0A7FD05F0DFFD05F072
:1075300009FE05F029FE05F049FE05F059FE05F0AB
:1075400069FE05F077FE05F07FFE05F087FE05F089
:10755000FFFE05F007FF05F00FFF05F017FF05F030
:107560001FFF05F027FF05F02FFF05F037FF05F09F
:107570003FFF05F047FF05F0BDFF05F0C5FF80BDEB
:1075800080B505F0D5FC80BD80B584B040F24000E8
:10759000C2F200000022114605F00AF9052002900F
:1075A000FAF7F4FD40F29400C2F2000001220392C7
:1075B000114605F0FDF80298FAF7E8FD40F6FC40A8
:1075C000C2F20000009002F05FFA009802F022FA86
:1075D0000298FAF7DBFDFEF759FC0298FAF7D6FDA0
:1075E000039940F2EC00C2F2000004F07BFF0A2095
:1075F0000190FAF7CBFD40F25C10C2F200000221CC
:1076000004F070FF0298FAF7C1FD40F2D010C2F208
:10761000000004F071FA0146019840F20C02C2F237
:1076200000021170FAF7B2FD41F2B030C2F2000070
:10763000FCF798FC41F21850C2F20000FCF792FCF3
:1076400041F28840C2F20000FCF78CFC41F2D040CD
:10765000C2F20000FCF786FC41F2F830C2F20000F2
:10766000FCF780FC40F6DC40C2F2000000F0F6FFC0
:1076700040F6C040C2F2000000F0F0FF40F6587043
:10768000C2F2000000F0EAFF40F66C30C2F20000E7
:1076900000F0E4FF40F25040C2F2000000F0DEFFD4
:1076A00040F65030C2F2000000F0D8FF0298FAF71E
:1076B0006DFD039940F6E170C2F2000001700078A0
:1076C00004B080BD80B586B040F6BC60C2F2000058
:1076D0000078062807D1FFE741F24871C2F20001A5
:1076E0000120087006E041F24871C2F2000100205A
:1076F0000870FFE740F6FC40C2F2000090F88900F5
:1077000050B9FFE740F6FC40C2F20000B0F92A0091
:1077100010F5167F0CDAFFE741F25C71C2F200014E
:107720000120488040F6D831C2F2000108700BE019
:1077300041F25C71C2F200010020488040F6D8316D
:10774000C2F200010870FFE741F24870C2F2000087
:107750000078002866D0FFE740F6FC40C2F2000047
:107760004FF4006101F0E0FD00285AD0FFE740F639
:10777000FC40C2F20000202101F0D6FD002850D0CC
:10778000FFE70520FAF702FD6846002303934360F4
:10779000036040F24000C2F2000040F2FF211A46AE
:1077A00005F0A8F80A20FAF7F1FC03988DF8130009
:1077B000FFE79DF8130018281CDCFFE740F6747003
:1077C000C2F200000023036068464360036040F299
:1077D0009400C2F2000040F2FF111A4605F08AF848
:1077E0000A20FAF7D3FCFFE79DF8130001308DF86B
:1077F0001300DEE7684600234360036040F2400068
:10780000C2F200004FF400711A4605F073F814201C
:10781000FAF7BCFC01200590059880F3138800F06E
:1078200025FEFFE740F2E800C2F200000088C00732
:1078300038B1FFE740F22001C2F200010020C88207
:1078400006E040F22001C2F200010120C882FFE7F9
:1078500040F20C00C2F20000007848B1FFE740F2AD
:10786000EA01C2F20001088840F00100088008E047
:1078700040F2EA01C2F20001088820F0010008800D
:10788000FFE740F23C00C2F20000007848B1FFE799
:1078900040F2EA01C2F20001088840F004000880CA
:1078A00008E040F2EA01C2F20001088820F004007A
:1078B0000880FFE740F6FC40C2F200004FF4007180
:1078C00001F032FD0146002918BF012140F6B84001
:1078D000C2F2000000F02AFF022818D1FFE740F6AC
:1078E000FC40C2F20000B0F88C00800600280ED5E3
:1078F000FFE741F24C70C2F20000006890ED080A08
:107900009FED361A30EE010A80ED080AFFE740F6D7
:10791000FC40C2F200004FF4007101F005FD014689
:10792000002918BF012140F6B740C2F2000000F064
:10793000FDFE022818D1FFE740F6FC40C2F200002D
:10794000B0F88C00800600280ED4FFE741F24C709E
:10795000C2F20000006890ED080A9FED211A30EE97
:10796000010A80ED080AFFE740F6FC40C2F2000081
:107970004FF4804101F0D8FC0146002918BF0121D5
:1079800040F6B140C2F2000000F0D0FE022812D052
:10799000FFE740F6BC60C2F20000007805281BD16A
:1079A000FFE740F6FC40C2F20000B0F92A00B0F553
:1079B000167F11DDFFE740F6F071C2F20001087892
:1079C000013045F25652C5F25552A0FB023202EB8D
:1079D0004202801A0870FFE706B080BD00004842EE
:1079E000000048C20000000080B584B08DED030A9D
:1079F000CDED020A8DED011A9DED030A9DED021AEF
:107A000030EE410A8DED000A0098F8F714FE41ECC3
:107A1000100B9FED271B53EC112B51EC100BF8F7BB
:107A2000C3FDA8B9FFE70098F8F705FE41EC100B7D
:107A30009FED251B53EC112B51EC100BF8F72CFC90
:107A400041EC100B51EC100BF8F708FE009024E00D
:107A50000098F8F7F0FD41EC100B9FED171B53EC6D
:107A6000112B51EC100BF8F7BAFDA8B9FFE70098FD
:107A7000F8F7E1FD41EC100B9FED111B53EC112BBE
:107A800051EC100BF8F708FC41EC100B51EC100B0B
:107A9000F8F7E4FD0090FFE7FFE79DED010A9DED9B
:107AA000001A30EE010A04B080BD00BF00BF00BF65
:107AB000000000000080664000000000008066C0FA
:107AC000000000000080764000000000008076C0CA
:107AD00086B08DED050ACDED040A8DED031A0290F6
:107AE0009DED030A9DED041A30EE410A8DED010A69
:107AF000049800909DED050A9DED031AB4EE410A2D
:107B0000F1EE10FA03DDFFE7039805900DE09DED1F
:107B1000050A9DED041AB4EE410AF1EE10FA03DAFB
:107B2000FFE704980590FFE7FFE79DED050A9DED4F
:107B3000001A30EE410A029901208840013801EE16
:107B4000100AB8EEC11A20EE010A9DED011A80EE6E
:107B5000010ABDEEC00A10EE100A06B07047000020
:107B600083B08DED020A9DED020A9FED0B1A80EEA7
:107B7000010A8DED010A9DED010A9FED081A20EE24
:107B8000010AB1EE001A20EE010A8DED000A9DED0A
:107B9000000A03B0704700BFABAAAA452DB23D3F13
:107BA00086B005908DED040ACDED030A02919DED9E
:107BB000030A9DED041A30EE410A8DED010A049886
:107BC00000909DED050AB8EEC00A9DED011A20EE69
:107BD000010A029901208840013801EE100AB8EE2E
:107BE000C11A80EE010A9DED001A30EE010A06B0BE
:107BF0007047000080B594B008A83021F8F72CFB3E
:107C0000002007900690059004900390FFE7002065
:107C1000029043F64000C4F20200016841F0805136
:107C20000160006800F0805002900298FFE7FFE7D3
:107C30000020019047F20000C4F20000016841F406
:107C400080410160006800F4804001900198FFE7E6
:107C50000220089001210B9110210C910E9000211F
:107C60000F9108211091A8211191129004201390D6
:107C700008A8FAF72BFF18B1FFE7F8F74FFFFFE767
:107C80000F20039002200490002005904FF4A05094
:107C900006904FF48050079003A80521FAF746FD9F
:107CA00018B1FFE7F8F73AFFFFE714B080BD000016
:107CB00083B08DED020A9DED020A9FED0B1A80EE56
:107CC000010A8DED010A9DED010A9FED081A20EED3
:107CD000010AB1EE001A20EE010A8DED000A9DEDB9
:107CE000000A03B0704700BFABAAAA452DB23D3FC2
:107CF00080B586B040F6FC40C2F20000D0F800012A
:107D0000000B800700284AD0FFE740F6FC40C2F293
:107D1000000090F81601A92840D1FFE740F6FC408A
:107D2000C2F2000090F81701532837D1FFE740F660
:107D3000FC4CC2F2000CCDF814C09CF81D010A21C5
:107D400061F31F108CF81D019CF818319CF8191173
:107D50009CF81A219CF81B0141EA032140EA022009
:107D60009CF81D219CF81C3142EA03229CF8283122
:107D70009CF827C143EA0C230FFA83FC6B46C3F837
:107D800004C012B21A600AB203B240F29400C2F206
:107D900000004FF4887104F0ADFDFFE72FE040F6DE
:107DA000FC4CC2F2000CCDF810C09CF808309CF8D6
:107DB00009109CF80A209CF80B0041EA032140EAD4
:107DC00002209CF80D209CF80C3042EA03229CF81B
:107DD00017309CF816C043EA0C230FFA83FC6B465D
:107DE000C3F804C012B21A600AB203B240F294009F
:107DF000C2F200004FF4887104F07CFDFFE740F60A
:107E0000E270C2F20000007818B3FFE740F6FC40D1
:107E1000C2F20000017E407E40EA012040F2EA0109
:107E2000C2F20001B1F900306A46002103915160AD
:107E3000116002B240F29400C2F2000040F213114D
:107E400004F058FD039840F6E271C2F20001087098
:107E500018E041F25C70C2F20000B0F902206846FE
:107E600000234360036040F29400C2F2000040F23D
:107E7000151104F03FFD40F6E271C2F2000101204D
:107E80000870FFE740F29400C2F20000C069B0F54C
:107E9000AB6F32D1FFE740F29400C2F200000290D3
:107EA00090F8382090F8391041EA022140F2E802B7
:107EB000C2F20002118090F83A2090F83B1041EA9B
:107EC000022141F27C72C2F20002118090F83C2043
:107ED00090F83D1041EA022141F28072C2F20002A4
:107EE000118090F83E1090F83F0040EA012041F2E6
:107EF0007E71C2F200010880FFE706B080BD00007D
:107F000081B08DED000A9DED000AB0EEC00A01B00F
:107F10007047000084B08DED030A9DED030AB6EEB4
:107F2000001A20EE010A8DED020A039801900198D3
:107F30000090009945F6DF10C5F63770A0EB6100A0
:107F40000090009801909DED010A9DED021A21EE2E
:107F5000001A21EE002AB7EE081A31EE421A20EE7E
:107F6000010A8DED010A9DED010A04B07047000081
:107F700040F6FC40C2F2000090F82C00012810D11D
:107F8000FFE740F6FC40C2F2000090F82D00012807
:107F900007D1FFE740F6BC61C2F200010020087083
:107FA000BCE040F6FC40C2F2000090F82C00012832
:107FB00010D1FFE740F6FC40C2F2000090F82D001F
:107FC000032807D1FFE740F6BC61C2F2000101209F
:107FD0000870A2E040F6FC40C2F2000090F82C00CD
:107FE000032810D1FFE740F6FC40C2F2000090F8F1
:107FF0002D00012807D1FFE740F6BC61C2F2000165
:108000000220087088E040F6FC40C2F2000090F8C0
:108010002C00032810D1FFE740F6FC40C2F200001C
:1080200090F82D00032807D1FFE740F6BC61C2F2AB
:108030000001032008706EE040F6FC40C2F2000030
:1080400090F82C00022810D1FFE740F6FC40C2F265
:10805000000090F82D00032807D1FFE740F6BC612F
:10806000C2F200010420087054E040F6FC40C2F265
:10807000000090F82C00032810D1FFE740F6FC40E8
:10808000C2F2000090F82D00022807D1FFE740F669
:10809000BC61C2F20001052008703AE040F6FC40E5
:1080A000C2F2000090F82C00022810D1FFE740F641
:1080B000FC40C2F2000090F82D00022807D1FFE733
:1080C00040F6BC61C2F200010620087020E040F6D4
:1080D000FC40C2F2000090F82C00022810D1FFE70B
:1080E00040F6FC40C2F2000090F82D00012807D1B4
:1080F000FFE740F6BC61C2F200010720087006E00D
:1081000040F6BC61C2F2000100200870FFE7FFE703
:10811000FFE7FFE7FFE7FFE7FFE7FFE740F20C00BD
:10812000C2F200000078E8BBFFE740F6BC60C2F294
:1081300000000078032827D0FFE740F6BC60C2F2B9
:108140000000007801281FD0FFE740F6BC60C2F2B3
:1081500000000078052807D1FFE741F25C70C2F209
:108160000000408880B1FFE740F6BC60C2F200002A
:108170000078062808D0FFE740F6BC60C2F2000095
:10818000007804280ED1FFE741F25C70C2F20000D3
:10819000408838B9FFE740F6F841C2F200010120FB
:1081A000087015E041F25C70C2F20000408838B1FE
:1081B000FFE740F6F841C2F200010220087006E035
:1081C00040F6F841C2F2000100200870FFE7FFE727
:1081D00040F20C00C2F200000078B0BBFFE740F6AE
:1081E000BC60C2F200000078032820D0FFE740F610
:1081F000BC60C2F200000078012818D0FFE740F60A
:10820000BC60C2F200000078052810D0FFE740F6FD
:10821000BC60C2F200000078062808D0FFE740F6F4
:10822000BC60C2F20000007804280ED1FFE741F2E2
:108230005C70C2F20000408838B9FFE740F60031B8
:10824000C2F200010120087015E041F25C70C2F238
:108250000000408838B1FFE740F60031C2F200016B
:108260000220087006E040F60031C2F20001002052
:108270000870FFE7FFE7704783B0029001914FF667
:10828000FF70ADF80200FFE70198411E0191D8B1DF
:10829000FFE70298411C029100788DF80100BDF8BB
:1082A00002009DF8011048408DF800009DF8030081
:1082B0009DF800204EF6F201C0F6000131F81210D0
:1082C0004840ADF80200DFE7BDF8020003B0704798
:1082D00085B0049003910292019300200090FFE783
:1082E0000098019988420DD2FFE703980299009AFD
:1082F0001144405C0499009A8854FFE700980130CB
:108300000090EDE705B0704780B584B0039002910E
:10831000019201980399029A0423FFF7D9FF04B050
:1083200080BD000085B08DED030ACDED020A8DED14
:10833000011A9DED020A9DED031A30EE410A8DED02
:10834000000A9DED000A9DED011AB4EE410AF1EE1E
:1083500010FA09DDFFE79DED030A9DED011A30EEED
:10836000010A8DED040A17E09DED000A9DED011A4A
:10837000B1EE411AB4EE410AF1EE10FA09DAFFE764
:108380009DED030A9DED011A30EE410A8DED040AC0
:1083900002E002980490FFE79DED040A05B07047E3
:1083A00080B584B003900291019203980299019ADA
:1083B000FFF7AAFF019890ED000A9FED101AB4EEA6
:1083C000410AF1EE10FA12DCFFE7019890ED000A85
:1083D0009FED0B1AB4EE410AF1EE10FA07DBFFE74E
:1083E000019890ED000A04F013FD20B1FFE7019918
:1083F00000200860FFE704B080BD00BF0000B44368
:108400000000B4C380B584B00390029101928DED59
:10841000000A03980299019AFFF776FF019890ED00
:10842000000A9FED101AB4EE410AF1EE10FA12DCC8
:10843000FFE7019890ED000A9FED0B1AB4EE410A98
:10844000F1EE10FA07DBFFE7019890ED000A04F067
:10845000DFFC20B1FFE7009801990860FFE704B056
:1084600080BD00BF0000B4430000B4C3BFF34F8F12
:108470004EF60C51CEF20001086800F4E0600422D0
:10848000C0F2FA5210430860BFF34F8FFFE700BFFE
:10849000FDE700008DB08DED0B0ACDED0A0A9DEDD4
:1084A0000B0A9DED0A1A30EE410A8DED090A9DED89
:1084B000090AB7EE001AB4EE410AF1EE10FA03DC35
:1084C000FFE700200C90BEE09DED0A1AB3EE0E0A05
:1084D00030EE410A9FED5E1A80EE010AB5EE400AC9
:1084E000F1EE10FA05DAFFE79FED5A0A8DED050A65
:1084F00028E09DED0A1AB3EE0E0A30EE410A9FED18
:10850000541A80EE010AB7EE001AB4EE410AF1EEF9
:1085100010FA05DDFFE7B7EE000A8DED040A0CE066
:108520009DED0A1AB3EE0E0A30EE410A9FED481A8D
:1085300080EE010A8DED040AFFE79DED040A8DED42
:10854000050AFFE79DED050A8DED080A9DED090A74
:10855000BFEE001A30EE010AB2EE021A80EE010AF6
:10856000B5EE400AF1EE10FA05DAFFE79FED390AA1
:108570008DED030A26E09DED090AB7EE001A30EEF4
:10858000410AB2EE022A80EE020AB4EE410AF1EE8E
:1085900010FA05DDFFE7B7EE000A8DED020A0CE0E8
:1085A0009DED090ABFEE001A30EE010AB2EE021A82
:1085B00080EE010A8DED020AFFE79DED020A8DEDC6
:1085C000030AFFE79DED030A8DED070A9DED080AFA
:1085D00030EE000A9FED201A30EE010A8DED060AFA
:1085E0009DED071A9DED060A20EE010A8DED060AA3
:1085F0009DED060AB5EE400AF1EE10FA05DAFFE746
:108600009FED140A8DED010A18E09DED060AB0EE0B
:10861000001AB4EE410AF1EE10FA05DDFFE7B0EE04
:10862000000A8DED000A04E09DED060A8DED000ABA
:10863000FFE79DED000A8DED010AFFE79DED010AC0
:108640008DED0C0AFFE79DED0C0A0DB0704700BFE1
:1086500000002842000000009A99993E80B58AB037
:108660000990099808900168009141680491806818
:10867000F7F7E1FF41EC100B53EC102B10461946B5
:10868000F7F70AFE0246009801920A46019942EC69
:10869000101B8DED020BF7F7CEFF9DED020B41ECA9
:1086A000110B53EC112B51EC100BF7F79CFE02460B
:1086B000049805920A46059942EC101B8DED060BB5
:1086C000F7F7B9FF9DED061B41EC100B51EC110BB8
:1086D00053EC102BF7F787FE41EC100B51EC100B0D
:1086E000F7F7BCFF01460898016190ED040AB7EE68
:1086F000001A30EE011A80EE010A80ED030A0AB07A
:1087000080BD000084B003908DED020ACDED010A1A
:108710008DED001A0398029901600199416000995A
:1087200081600021416104B07047000084B0029074
:108730008DF80710029800909DF80700C00760B1FF
:10874000FFE700980078C00738B9FFE700990120DB
:10875000087002208DF80F0014E09DF80700C00794
:1087600060B9FFE700980078C00738B1FFE70099CB
:108770000020087001208DF80F0003E000208DF824
:108780000F00FFE79DF80F0004B0704782B0019022
:108790008DF8031001989DF8031001F0010101709C
:1087A00002B0704783B00190ADF80210ADF8002020
:1087B000BDF8020098B9FFE7BDF80000012804D118
:1087C000FFE701208DF80B003DE0BDF80000022816
:1087D00004D1FFE702208DF80B0034E02FE0BDF854
:1087E0000200012812D1FFE7BDF8000020B9FFE721
:1087F00003208DF80B0026E0BDF80000022804D10C
:10880000FFE704208DF80B001DE017E0BDF8020023
:10881000022812D1FFE7BDF8000020B9FFE70520CC
:108820008DF80B000FE0BDF80000012804D1FFE730
:1088300006208DF80B0006E0FFE7FFE7FFE70020CA
:108840008DF80B00FFE79DF80B0003B070470000A8
:1088500080B584B00290ADF8061002990091BDF881
:1088600006000988884204D1FFE700208DF80F0038
:1088700010E000980188BDF80620FFF793FF0099EB
:108880008DF80500BDF8060008809DF805008DF8FC
:108890000F00FFE79DF80F0004B080BD82B001908B
:1088A000ADF802100198BDF80210018002B07047C7
:1088B00081B0009040F6EC70C2F20000006890F8C1
:1088C0004C0001280AD0FFE740F6EC70C2F200002D
:1088D000006890F84C00022831D1FFE740F6FC40D8
:1088E000C2F20000B0F9220010F5167F09DAFFE7A6
:1088F00040F6EC70C2F200000168012081F84D00E2
:108900001CE040F6FC40C2F20000B0F92200B0F5D5
:10891000167F09DDFFE740F6EC70C2F20000016847
:10892000022081F84D0008E040F6EC70C2F2000031
:108930000168002081F84D00FFE7FFE708E040F6FE
:10894000EC70C2F200000168002081F84D00FFE7E2
:1089500040F6EC70C2F20000026892F84D1001F08F
:1089600001011170016891F84D00C0F3400048709A
:1089700001B0704781B0009000980021C4F26011EE
:1089800001600021C4F2663141600021C4F2483127
:1089900081600021C1600122027441618161C16175
:1089A0000162416201B0704780B5A6B025908DF894
:1089B00093108DF89220259823909DF89300052818
:1089C00040F05681FFE740F6EC70C2F2000000680C
:1089D0000178002918BF012140F6AE40C2F2000024
:1089E000FFF7A4FE022840F08F80FFE741F24C70B1
:1089F000C2F200000068007E012840F08580FFE799
:108A000040F21C50C2F200001F900069F7F702FE0E
:108A100002461F9820920A46209942EC101B40F60D
:108A2000EC71C2F20001096881ED180B006946F291
:108A30006761C6F2666150FB01F2D11301EBD2719E
:108A400001EB8101A0EB813021900028229002D51A
:108A5000219840422290229842F20F71884209DC0C
:108A6000FFE740F6EC70C2F200000168002081F8D8
:108A70006C0008E040F6EC70C2F2000001680120D2
:108A800081F86C00FFE740F6EC70C2F2000000686D
:108A900090F86D0048B9FFE740F6EC70C2F20000B4
:108AA000006890F86E0008B1FFE72CE040F6EC702B
:108AB000C2F200001E9000681D9090ED180B9FED13
:108AC000DE1B53EC112B51EC100BF7F7E5FB0246C4
:108AD0001D980B461E9943EC102B80ED180B0A686D
:108AE0009069013090610A68002082F834000A68B9
:108AF00092ED180B82ED160B0A6882F86D0009687A
:108B000081F86E00FFE7B2E040F6EC70C2F20000C0
:108B10000068407880B9FFE741F25C70C2F2000063
:108B2000408800286BD0FFE740F68C40C2F200007E
:108B30000078022863D1FFE741F24C70C2F20000D6
:108B40000068007E01285AD1FFE72398407A002868
:108B500055D1FFE740F6F070C2F20000007801281E
:108B60004DD0FFE740F6EC70C2F200001B900268A7
:108B7000012182F8341000681C9090ED160B9FEDD7
:108B8000B01B53EC112B51EC100BF7F785FB024691
:108B90001B980B461C9943EC102B81ED160B40F2F1
:108BA0001C51C2F2000191ED040AB8EEC00A02683D
:108BB00082ED0B0A026892ED0A2A92ED0B1A92EDF1
:108BC0000C0A31EE421A30EE010A82ED0C0A0268FC
:108BD00092ED0C0A9FED9C1A80EE010ABDEEC00AD0
:108BE00082ED060A91ED040AB8EEC00A016881ED33
:108BF0000A0A006890ED160B80ED180B36E040F67F
:108C0000EC70C2F20000006890F8340088B1FFE711
:108C100040F21C50C2F200000069F7F7FBFC41EC87
:108C2000100B40F6EC70C2F20000006880ED180BEB
:108C3000FFE740F6EC70C2F200001A9001680020D5
:108C4000199081F8340040F21C50C2F20000006913
:108C5000F7F7E0FC024619980B461A9943EC102BE3
:108C60000A6882ED160B09684860FFE7FFE72AE211
:108C70009DF89300062840F02582FFE741F28070BE
:108C8000C2F20000008841F27E71C2F20001098840
:108C9000401A41F25871C2F20001088040F6FC40CF
:108CA000C2F2000090F88810002918BF012140F698
:108CB000AD40C2F20000FFF739FD022842D1FFE7C4
:108CC00041F25870C2F2000000881E2809DCFFE75C
:108CD00040F6FC40C2F20000202100F025FB88B3E2
:108CE000FFE740F21C50C2F200000069F7F792FC67
:108CF00041EC100B40F6EC70C2F2000018900168D5
:108D000081ED180B0068179090ED180B9FED4A1B32
:108D100053EC112B51EC100BF7F7BEFA02461798E3
:108D20000B46189943EC102B80ED180B086890ED5A
:108D3000180B80ED160B0A68002082F834000968D1
:108D40000865BEE140F6FC40C2F2000090F88800E1
:108D500048B1FFE740F6EC70C2F200000068006D19
:108D6000962826DCFFE741F25C70C2F200004088E2
:108D7000002800F06E81FFE740F6FC40C2F20000E0
:108D800090F88800002800F06481FFE740F68C40EE
:108D9000C2F200000078022840F05B81FFE741F258
:108DA0004C70C2F200000068007E002800F0518183
:108DB000FFE740F6F070C2F200000078002840F0B3
:108DC0004881FFE740F6EC70C2F200000168012024
:108DD00081F8340041F25870C2F2000000881D286A
:108DE00017DCFFE740F21C50C2F200000069F7F701
:108DF00011FC41EC100B40F6EC70C2F2000001686F
:108E000081ED180B016881ED160B01680020887058
:108E10001EE141F25870C2F2000000881E2838DBC3
:108E2000FFE741F25870C2F2000000883B2830DCB6
:108E300012E000BF00BF00BF000000000000F440CF
:108E400056FA24A799798E400000A04700BF00BFC2
:108E50000892D5F6EEC6814040F6EC70C2F20000F2
:108E600015900068169090ED160B1FED071B53EC44
:108E7000112B51EC100BF7F70FFA024615980B4621
:108E8000169943EC102B81ED160B016801208870B8
:108E9000DDE041F25870C2F2000000883C2825DB7A
:108EA000FFE741F25870C2F20000008877281DDC0D
:108EB000FFE740F6EC70C2F20000139000681490D7
:108EC00090ED160B9FEDD61B53EC112B51EC100BB4
:108ED000F7F7E2F9024613980B46149943EC102B6E
:108EE00081ED160B016801208870AFE041F25870E7
:108EF000C2F200000088782825DBFFE741F25870B5
:108F0000C2F20000008895281DDCFFE740F6EC70F7
:108F1000C2F2000011900068129090ED160B9FEDC8
:108F2000BE1B53EC112B51EC100BF7F7B5F90246B1
:108F300011980B46129943EC102B81ED160B01682A
:108F40000120887081E041F25870C2F20000008870
:108F5000962825DBFFE741F25870C2F20000008836
:108F6000BD281DDCFFE740F6EC70C2F200000F9058
:108F70000068109090ED160B9FEDA51B53EC112B84
:108F800051EC100BF7F788F902460F980B46109931
:108F900043EC102B81ED160B01680120887053E023
:108FA00041F25870C2F200000088BE2825DBFFE7BE
:108FB00041F25870C2F200000088DB281DDCFFE798
:108FC00040F6EC70C2F200000D9000680E9090ED3B
:108FD000160B9FED8D1B53EC112B51EC100BF7F77B
:108FE0005BF902460D980B460E9943EC102B81ED70
:108FF000160B01680120887025E041F25870C2F21A
:1090000000000088DC281DDBFFE740F6EC70C2F2B0
:1090100000000B9000680C9090ED160B9FED781BF4
:1090200053EC112B51EC100BF7F736F902460B9865
:109030000B460C9943EC102B81ED160B01680120B7
:109040008870FFE7FFE7FFE7FFE7FFE7FFE7FFE7DE
:1090500036E040F6EC70C2F20000006890F8340090
:1090600088B1FFE740F21C50C2F200000069F7F738
:10907000D1FA41EC100B40F6EC70C2F2000000682F
:1090800080ED180BFFE740F6EC70C2F200000A908A
:1090900001680020099081F8340040F21C50C2F2AF
:1090A00000000069F7F7B6FA024609980B460A99DC
:1090B00043EC102B0A6882ED160B09684860FFE745
:1090C000FFE7FFE7FFE740F6EC70C2F20000006840
:1090D00090F84C0001280ED0FFE79DF8920050B99F
:1090E000FFE740F6EC70C2F20000006890F84C0018
:1090F000022874D1FFE740F6EC70C2F2000000686D
:1091000090F83400A8B3FFE740F6EC70C2F200001C
:109110000890006890ED160B51EC100BF7F79EFAD3
:1091200000EE100A40F21C50C2F20000069090EDD2
:10913000041AF8EEC10A40F2AC50C2F200000590E9
:1091400003F024FC0599069891ED100AB0F90A0085
:1091500001EE100AF8EEC10A40F21C60C2F20000F3
:10916000079003F013FC07980899006C096888665B
:1091700034E040F6EC70C2F200000490006890ED1C
:10918000180B51EC100BF7F769FA00EE100A40F2D9
:109190001C50C2F20000029090ED041AF8EEC10AD1
:1091A00040F23C50C2F20000019003F0EFFB019945
:1091B000029891ED100AB0F90A0001EE100AF8EEDB
:1091C000C10A40F28C60C2F20000039003F0DEFBA3
:1091D00003980499006C09688866FFE707E040F689
:1091E000EC70C2F20000016800208866FFE740F6DC
:1091F000EC70C2F20000006890ED1A0A26B080BD43
:10920000761C7708000C9340990734E5DD81904087
:109210007AE5E18377EF8B40C0BB5B3D33DB864073
:10922000E4A6181A1151844080B584B003900398C5
:1092300001900021029101704170817041600172C2
:10924000417281720C30FFF795FB0198029980F80A
:10925000341080F8351080F83610C16381634164A2
:109260000164816480F84C1080F84D100165C1657F
:10927000816541660166816680F86C1080F86D102A
:1092800080F86E1080F86F1080F8701004B080BD08
:1092900080B584B00390039A009200210191A2F856
:1092A0008E10A2F89010A2F89210A2F8941001204B
:1092B00082F8980082F8990082F8F41082F8F5108C
:1092C000A2F89C10A2F89E10A2F8A010A2F8961086
:1092D000A2F8F8100290FFE70298192817DCFFE7C0
:1092E0000099029801440020C8710298062809D10B
:1092F000FFE7009902980144C879052262F31F1024
:10930000C871FFE7FFE7029801300290E4E7009898
:10931000D0F80001000B800720B9FFE7009800F0AB
:10932000EBFBFFE704B080BD83B00190ADF8021005
:109330000198B0F88C00BDF80210084204D0FFE795
:1093400001208DF80B0003E000208DF80B00FFE7F3
:109350009DF80B0003B0704783B002900299009112
:10936000D1F8FC00D1F8002140F2FF739843C1F816
:109370000021C1F8FC00D1F8FC006FF3D520C1F842
:10938000FC00D1F8FC00D1F800216FF39F5022F0CF
:109390000102C1F80021C1F8FC00D1F8000140F63B
:1093A000FE729043C1F80001D1F8000120F4405052
:1093B000C1F80001D1F8000120F48040C1F800019B
:1093C000D1F8000120F40040C1F80001D1F80001FB
:1093D00020F48030C1F80001D1F800016FF35B4048
:1093E000C1F80001D1F8000120F08050C1F800015F
:1093F0000020A1F80401A1F80601A1F8080191F8E4
:109400000A2102F0FC0281F80A2191F80A2102F0F7
:10941000F30281F80A2191F80A2102F0CF0281F8C3
:109420000A21A1F80B01A1F80D0101200190FFE72D
:10943000019819280BDCFFE70099019801440020EE
:1094400081F81501FFE7019801300190F0E703B0C2
:109450007047000081B000900099087A4A7A40EA8B
:1094600002206FF3DF20A0F58060A1F88E00487A1B
:109470008A7AC00840EA42106FF3DF20A0F58060CE
:10948000A1F89000887ACB7A0A7B800940EA8300B1
:1094900040EA82206FF3DF20A0F58060A1F89200FF
:1094A000087B4A7B400840EAC2106FF3DF20A0F53A
:1094B0008060A1F89400487B800981F89800487B7F
:1094C000C0F3011081F89900887BCA7B40EA022032
:1094D000A1F89C00087C4A7C40EA0220A1F89E008A
:1094E000887CCA7C40EA0220A1F8A000087D81F8AF
:1094F000F400487D81F8F500887DCA7D40EA0220AD
:10950000A1F8F800087E4A7E40EA02206FF3DF20CF
:10951000A0F58060A1F8960001B0704780B581B0D9
:109520000090009991F8180191F8192140EA02235E
:10953000D1F8FC00D1F8002163F30A00C1F8002142
:10954000C1F8FC0091F81901C00891F81A2140EA0D
:1095500042136FF3DF23D1F8FC00D1F800216FF341
:10956000D52040EAC320C1F80021C1F8FC0091F8E1
:109570001A01800991F81B2140EA820C91F81C31F4
:10958000D1F8FC00D1F800216FF39F5040EA8C50D5
:1095900063F30002C1F80021C1F8FC0091F81C013E
:1095A000400891F81D2140EAC2136FF3DF23D1F880
:1095B000FC20D1F8000140F6FE7C20EA0C0040EAD5
:1095C0004300C1F8FC20C1F8000191F81D01C0F36F
:1095D0000113D1F8FC20D1F8000120F4405040EAFA
:1095E0000330C1F8FC20C1F8000191F81D01C0F35F
:1095F0008013D1F8FC20D1F8000120F4804040EA2B
:109600008330C1F8FC20C1F8000191F81D31D1F878
:10961000FC20D1F8000103F0800320F4004040EA70
:109620000320C1F8FC20C1F8000191F81E0100F0F0
:109630000103D1F8FC20D1F8000120F4803040EA89
:109640000340C1F8FC20C1F8000191F81E01400858
:1096500091F81F2140EAC2136FF3DF23D1F8FC20F9
:10966000D1F800016FF35B4040EA4340C1F8FC20B1
:10967000C1F8000191F81F01C0F30013D1F8FC20DC
:10968000D1F8000120F0805040EA0370C1F8FC20BE
:10969000C1F8000191F8200191F8212140EA02204F
:1096A000A1F8040191F8220191F8232140EA022057
:1096B000A1F8060191F8240191F8252140EA022041
:1096C000A1F8080191F80A0191F8262102F003029D
:1096D00000F0FC00104481F80A0191F80A0191F8A9
:1096E000262102F00C0200F0F300104481F80A0178
:1096F00091F80A0191F8262102F0300200F0CF0023
:10970000104481F80A0191F8270191F8282140EAD4
:109710000220A1F80B0191F8290191F82A2140EAD1
:109720000220A1F80D01D1F8FC00A0F5806262F3DF
:109730000A00C1F8FC00D1F8FC004FF60042CFF659
:10974000FF7202EBD0236FF3DF236FF3D52040EAE3
:10975000C320C1F8FC00D1F8FC30D1F800014FEA79
:10976000935C4CEA802CACF5806C0CF4806E6FF34B
:109770009F5320F0010040EA9E2043EA8C53C1F839
:10978000FC30C1F80001D1F8000102EB50036FF387
:10979000DF236FF34B0040EA4300C1F80001D1F82A
:1097A000000102EB50426FF3DF226FF35B4040EAAF
:1097B0004240C1F8000101B080BD000080B582B018
:1097C000019001980090B0F812110131A0F8121127
:1097D000B0F8120106280EDBFFE70098FFF758FDEE
:1097E000009800F027F800980068FAF797FF0098B3
:1097F00000F010F9FFE702B080BD000080B582B034
:10980000019001980090B0F814110131A0F81411E2
:10981000B0F8140106280BDBFFE7009800F012F8FF
:1098200000984068FAF77AFF009800F02DF9FFE7FA
:1098300002B080BD81B0009000990020A1F8120113
:1098400001B0704781B0009000990020A1F8140188
:1098500001B0704780B584B0029002980190B0F9D1
:109860003400A0B9FFE70198807E80B9FFE7019836
:10987000C07E60B9FFE7019890F88900012806DCF6
:10988000FFE7019890F88800022807DBFFE70198BE
:10989000FFF7FEFC01208DF80F0003E000208DF89B
:1098A0000F00FFE79DF80F0004B080BD80B584B0C5
:1098B00002900298019090F81601A9280AD1FFE7BA
:1098C000019890F81701532804D1FFE700208DF884
:1098D0000F0017E0019890F81601A52806D1FFE7C0
:1098E000019890F817010C2807D0FFE70198FFF7BF
:1098F00033FD01208DF80F0004E0FFE701208DF813
:109900000F00FFE79DF80F0004B080BD80B584B064
:1099100003900398009000680068006800F0100150
:109920000020B0EB111F30D0FFE7FFE700980021C7
:109930000191016809680968019100680068406840
:1099400001900198FFE70098016809680968029191
:1099500001680968496802910068FAF7CFFF00982A
:10996000FFF778FF50B9FFE70098FFF773FD009805
:10997000FFF760FF009800F0BFF8FFE7009951F88B
:10998000080B1922FBF790FDFFE704B080BD000033
:1099900080B584B003900398009040680068006828
:1099A00000F010010020B0EB111F31D0FFE7FFE7FE
:1099B0000098002101914168096809680191406897
:1099C0000068406801900198FFE7009841680968C5
:1099D0000968029141680968496802914068FAF78C
:1099E0008DFF0098FFF762FF50B9FFE70098FFF77F
:1099F00095FD0098FFF726FF009800F07DF8FFE73F
:109A00000099486801F58B711522FBF74DFDFFE7C2
:109A100004B080BD80B584B0039003980290FFF736
:109A200037FCFFE702980068406848F2A061C0F286
:109A30000101884219D0FFE741F2C860C2F200007C
:109A400001904EF6F221C0F6000104F031F80199C0
:109A500082B241F2F050C2F200004FF6FF73FBF702
:109A600057FD0A20F8F792FBDCE7029908680268C4
:109A7000D06840F01000D06051F8080B1922FBF7B5
:109A800013FD04B080BD000080B584B0039003983E
:109A90000290FFF761FCFFE7029840684068B0F56C
:109AA000612F19D0FFE741F2C860C2F200000190B7
:109AB0004EF6F221C0F6000103F0FAFF019982B2DE
:109AC00041F2F050C2F200004FF6FF73FBF720FDA9
:109AD0000A20F8F75BFBDFE7029948680268D06864
:109AE00040F01000D060486801F58B711522FBF73B
:109AF000DBFC04B080BD000082B0019001980090B2
:109B0000D0F80001000B8007C0B3FFE70099B1F85F
:109B1000FC0040F30A004884D1F8FC0040F3CA205E
:109B20008884D1F8FC20D1F80001C00740EA520037
:109B30004015C884D1F8000140F34A000885B1F807
:109B40000B01A1F88C00022081F82C0081F82D0077
:109B5000B1F804010886B1F806014886B1F8080199
:109B6000888691F80A0100F0030081F8880091F8D6
:109B70000A01C0F3810081F889002DE00099B1F855
:109B80008E004884B1F890008884B1F89200C884AF
:109B9000B1F89400088591F8980081F82C0091F8AC
:109BA000990081F82D00B1F89C000886B1F89E005C
:109BB0004886B1F8A000888691F8F40081F8880002
:109BC00091F8F50081F88900B1F8F800A1F88C004F
:109BD000B1F896004885FFE702B0704783B0029065
:109BE00001910092029801990160009941604FF63D
:109BF000FF71A0F8101103B07047000081B0009011
:109C000000980021C4F2FA31016041F26F21C3F6DD
:109C10008321416040F6DA71C4F24901816001B0EC
:109C20007047000081B0009000980021C4F2FA3122
:109C3000016041F26F21C3F68321416040F6DA7181
:109C4000C4F24901816001B07047000081B000900A
:109C500000980021C4F2FA31016041F26F21C3F68D
:109C60008321416040F6DA71C4F24901816001B09C
:109C70007047000081B0009000980021C4F2FA31D2
:109C8000016041F26F21C3F68321416040F6DA7131
:109C9000C4F24901816001B07047000081B00090BA
:109CA00000980021C4F2FA31016041F26F21C3F63D
:109CB0008321416040F6DA71C4F24901816001B04C
:109CC0007047000081B0009000980021C4F2FA3182
:109CD000016041F26F21C3F68321416040F6DA71E1
:109CE000C4F24901816001B07047000081B000906A
:109CF00000980021C4F2FA31016041F26F21C3F6ED
:109D00008321416040F6DA71C4F24901816001B0FB
:109D10007047000081B0009000980021C4F2FA3131
:109D2000016041F26F21C3F68321416040F6DA7190
:109D3000C4F24901816001B07047000081B0009019
:109D400000980021C4F2FA31016041F26F21C3F69C
:109D50008321416040F6DA71C4F24901816001B0AB
:109D60007047000081B0009000980021C4F2FA31E1
:109D7000016041F26F21C3F68321416040F6DA7140
:109D8000C4F24901816001B07047000081B00090C9
:109D900000980021C4F2FA31016041F26F21C3F64C
:109DA0008321416040F6DA71C4F24901816001B05B
:109DB0007047000080B584B003908DF80B109DF8BB
:109DC0000B00052823D1FFE740F6EC70C2F200003B
:109DD0000168012081F84C0040F6FC40C2F200000E
:109DE000B0F92400B0F5167F08DDFFE741F24C70B2
:109DF000C2F2000001680120087607E041F24C70D1
:109E0000C2F20000016800200876FFE74DE09DF8EF
:109E10000B00062810D1FFE740F6EC70C2F20000FC
:109E20000168022081F84C0041F24C70C2F200003F
:109E300001680120087637E09DF80B0020BBFFE7A2
:109E400040F6EC70C2F2000000900168002081F83A
:109E50004C0041F24C71C2F200010968087640F2F0
:109E60001C50C2F200000069F6F7D4FB02460098CD
:109E700001920A46019942EC101B016881ED160B14
:109E8000006880ED180B0EE040F6EC70C2F20000A6
:109E90000168002081F84C0041F24C71C2F20001CF
:109EA00009680876FFE7FFE7FFE704B080BD000020
:109EB00080B592B011908DF8431040F28C70C2F2D0
:109EC000000002F031FC88B9FFE741F24C70C2F2A9
:109ED00000000168087A40F00100087240F6D6716F
:109EE000C2F20001088801300880FFE740F2FC6000
:109EF000C2F2000002F018FC88B9FFE741F24C7092
:109F0000C2F200000168087A40F00200087240F6D0
:109F1000D871C2F20001088801300880FFE741F2E1
:109F20004C70C2F200000068007A00F003000328C1
:109F300040F02081FFE741F24C70C2F2000000685F
:109F4000007E70B1FFE741F24C70C2F20000006881
:109F500090ED070A90ED081A30EE010A8DED060A21
:109F600004E09FED880A8DED060AFFE79DED060AE5
:109F70008DED0F0AF8F720FB0E9000200D9041F2B6
:109F80004C70C2F200000068C06888B1FFE70E980C
:109F900041F24C71C2F200010968C968401A0D9083
:109FA0000D98152803D3FFE714200D90FFE7FFE776
:109FB0000E9941F24C70C2F200000268D160016853
:109FC00091ED070A91ED081A30EE010AB0EEC00AD1
:109FD0008DED0C0A9DED0C0A9FED6B1A80EE010AC7
:109FE0009DED0D1AB8EE411A20EE010A8DED0B0A17
:109FF0009DED0C0A9FED651A80EE010A9DED0D1A8C
:10A00000B8EE411A20EE010A8DED0A0A9DED0F0A05
:10A01000B0EEC00A006890ED001AB0EEC11AB4EEBE
:10A02000410AF1EE10FA05DDFFE79DED0B0A8DED1B
:10A03000050A04E09DED0A0A8DED050AFFE79DED96
:10A04000050A8DED090A9DED0F0AB1EE400A8DED6E
:10A05000080A9DED080AB0EEC00A41F24C70C2F247
:10A060000000006890ED011AB0EEC11AB4EE410A8A
:10A07000F1EE10FA05DDFFE79DED0B0A8DED040A08
:10A0800004E09DED0A0A8DED040AFFE79DED040A48
:10A090008DED070A41F24C70C2F200000390006897
:10A0A00090ED000ADDED0F0A9DED091AFEF73AF971
:10A0B0000398016881ED000A006890ED010ADDED6A
:10A0C000080A9DED071AFEF72DF90398016881ED46
:10A0D000010A0068007E48B1FFE740F20040C4F288
:10A0E000020040210122F8F74FFA08E040F2004058
:10A0F000C4F2020040210022F8F746FAFFE741F2DD
:10A100004C70C2F200000290006890ED000A40F22C
:10A110008C70C2F20000B0F90A0001EE100AF8EEED
:10A12000C10A40F2AC70C2F20000009002F02EFCB6
:10A1300000990298096C02681161006890ED010AAB
:10A1400040F2FC60C2F20000B0F90A0001EE100A11
:10A15000F8EEC10A40F21C70C2F20000019002F059
:10A1600015FC01990298096C026851610168002090
:10A170000872FFE741F24C70C2F200000068103034
:10A1800012B080BD000000000000FA430000C84289
:10A1900081B0009000980021016041600172C160AF
:10A1A00001614161017641764CF20002C4F2C15274
:10A1B000C261016201B0704780B58EB00D908DED27
:10A1C0000C0ACDED0B0A8DED0A1ACDED091A8DEDB5
:10A1D000082A0D9805909DED090A9DED0C1A30EEA8
:10A1E000410A80ED0D0A9DED080A9DED0B1A30EE37
:10A1F000410A80ED120A90ED000A02F0F1FD059887
:10A2000090ED031A20EE010A8DED070A9DED070A75
:10A21000B6EE001AB4EE410AF1EE10FA04DAFFE7E6
:10A220004FF07C500790FFE7059890ED0D0A02F083
:10A23000D7FD059890ED031AB4EE410AF1EE10FA3D
:10A2400011DAFFE7059890ED120A02F0C9FD9DEDC5
:10A25000071AB4EE410AF1EE10FA04DAFFE70599A5
:10A260000020C8627AE0059890ED000A90ED0D2A72
:10A2700090ED121A20EE020A30EE010A80ED0C0A6F
:10A2800090ED0A0A9FED361AB4EE410AF1EE10FA8B
:10A2900006DDFFE7059890ED0A0A8DED040A04E05B
:10A2A000B7EE000A8DED040AFFE705989DED040A5C
:10A2B0008DED060A9DED0A0A90ED123A90ED001A16
:10A2C00090ED012A90ED054A8DED034A90ED084A84
:10A2D0008DED014A21EE031A30EE411A90ED0C0A81
:10A2E00022EE002A31EE421A8DED021ADDED060A49
:10A2F00000F082F89DED012A9DED021A0598B0EE5E
:10A30000403A9DED030A22EE032A31EE421A20EE76
:10A31000010A80ED0B0A90ED041A90ED0B0AB4EEE1
:10A32000410AF1EE10FA04DDFFE705990869C862F9
:10A33000FFE7059890ED041A90ED0B0AB1EE411A73
:10A34000B4EE410AF1EE10FA08DAFFE7059890ED55
:10A35000040AB1EE400A80ED0B0AFFE70EB080BDA3
:10A36000BD37863580B584B002908DED010A029824
:10A3700000909DED010A02F033FDB7EE001AB4EE35
:10A38000410AF1EE10FA03DCFFE7019803900BE0BD
:10A3900000989DED010A00F00BF800EE100AB8EEEF
:10A3A000C00A8DED030AFFE79DED030A04B080BDEE
:10A3B00083B001908DED000A9DED000AB5EE400AD4
:10A3C000F1EE10FA04DDFFE701208DF80B000FE03D
:10A3D0009DED000AB5EE400AF1EE10FA04D1FFE758
:10A3E00000208DF80B0003E0FF208DF80B00FFE745
:10A3F0009DF90B0003B0704780B584B002908DEDDD
:10A40000010ACDED000A9DED010A02F0E9FC9DED87
:10A41000001AB4EE410AF1EE10FA09DCFFE79DEDF7
:10A42000010A9DED001A80EE010A8DED030A10E08D
:10A430009DED010A4FF0FF30B5EE400AF1EE10FA43
:10A44000C8BF012000EE100AB8EEC00A8DED030A65
:10A45000FFE79DED030A04B080BD000080B588B021
:10A4600007908DED060ACDED050A07980490069930
:10A4700081610599C16190ED021A90ED060A30EEF6
:10A48000410A80ED0D0A90ED020A90ED0F1A90ED51
:10A49000112A30EE420A30EE410A80ED100A90EDAA
:10A4A000020A90ED111A30EE410A80ED0F0A90ED8C
:10A4B0000D0A02F095FC049890ED031AB4EE410ADF
:10A4C000F1EE10FA04DAFFE704990020C8626CE0AC
:10A4D000049890ED000A90ED071A90ED0D2A90ED8A
:10A4E0000F3A31EE431A20EE020A30EE010A80EDF7
:10A4F0000C0A90ED100A90ED0F2A90ED001A90EDE5
:10A50000053A8DED033A90ED073A90ED084A8DED4E
:10A51000014A32EE432A21EE021A30EE010A8DED95
:10A52000020A90ED0C0AFFF71DFF9DED012A9DED3B
:10A53000021A0498B0EE403A9DED030A22EE032A77
:10A5400031EE421A90ED012A90ED0C3A22EE032AE8
:10A5500031EE421A20EE010A80ED0B0A90ED041A4A
:10A5600090ED0B0AB4EE410AF1EE10FA04DDFFE7BC
:10A5700004990869C862FFE7049890ED041A90ED09
:10A580000B0AB1EE411AB4EE410AF1EE10FA08DA04
:10A59000FFE7049890ED040AB1EE400A80ED0B0A43
:10A5A000FFE7049988684864FFE708B080BD0000B1
:10A5B00089B008908DED070ACDED060A8DED051ADC
:10A5C000CDED041A8DED032ACDED022A8DED013A71
:10A5D000CDED003A08980799016006994160059908
:10A5E00081600499C16003990161029941610199F7
:10A5F00001620099816209B07047000082B0019049
:10A600008DED000A009840F6C061C2F2000188603A
:10A61000009840F67871C2F200018860009840F618
:10A620000C71C2F20001886002B0704700000000A7
:10A6300080B590B00F908DF83B1040F6F840C2F214
:10A6400000000078012840F03C81FFE79DF83B00C6
:10A65000002843D0FFE740F6FC40C2F20000B0F90A
:10A66000300010F5C87F06DAFFE74FF67060CFF6CE
:10A67000FF700D9018E040F6FC40C2F20000B0F907
:10A680003000B0F5C87F04DDFFE74FF4C8700C90D0
:10A6900007E040F6FC40C2F20000B0F930000C9038
:10A6A000FFE70C980D90FFE70D98F5F7B3FF41EC2D
:10A6B000100B9FEDAD1B53EC112B51EC100BF5F76C
:10A6C00004FF41EC100B51EC100BF5F7C7FFF5F749
:10A6D000B2FF41EC100B8DED0A0B1CE040F6FC4084
:10A6E000C2F20000B0F9260000EE100AB8EEC00A6F
:10A6F00010EE100AF5F79FFF41EC100B9FED981B31
:10A7000053EC112B51EC100BF5F7DFFE41EC100B65
:10A710008DED0A0BFFE79DED0A0B8DED060B41F267
:10A720008870C2F20000006809904068F5F783FF66
:10A730009DED061B41EC100B53EC112B51EC100B53
:10A74000F5F74BFE41EC100B51EC100BF5F786FFC3
:10A750000999486040F6FC40C2F200004FF4807155
:10A76000FEF7E2FD0146002918BF012140F6BA407C
:10A77000C2F20000FDF7DAFF02282AD1FFE741F21A
:10A780008870C2F200000590006804904068F5F7F8
:10A7900052FF41EC100B9FED761B53EC112B51EC4B
:10A7A000100BF5F779FD41EC100B51EC100BF5F7A0
:10A7B00055FF049A0146059851600168012008750B
:10A7C00040F2EA01C2F20001088840F0020008806D
:10A7D000FFE741F28870C2F200000068007D0028A7
:10A7E00046D0FFE741F28870C2F20000006890EDA9
:10A7F000010A40F2D010C2F2000090ED7A1A30EE59
:10A80000410AFDF77DFBB1EE041AB4EE410AF1EE08
:10A8100010FA1CDDFFE740F2D010C2F2000090ED0C
:10A820007A0AD0ED800A40F60C70C2F20000039064
:10A83000FFF714FE039890ED0B0AFDF791F941F232
:10A840008870C2F20000006880ED000A0FE041F25B
:10A850008870C2F2000001680020087540F2EA0129
:10A86000C2F20001088820F002000880FFE727E01C
:10A8700040F6C060C2F20000029090ED020A40F281
:10A88000D011C2F2000191ED7A1A30EE410A40F681
:10A89000DC72C2F2000282ED000A91ED7A0AD1ED7B
:10A8A000800AFFF7DBFD029890ED0B0AFDF758F9DF
:10A8B00041F28870C2F20000006880ED000AFFE7F4
:10A8C00045E040F6F840C2F20000007802282DD1A1
:10A8D000FFE741F28870C2F200000190006890ED3D
:10A8E000010A40F6D070C2F20000D0ED000A40F636
:10A8F000CC70C2F2000090ED001A40F2D010C2F20B
:10A900000000D0ED7A1A90ED802A40F67870C2F2FD
:10A9100000000090FFF750FC009890ED0B0AFDF747
:10A920001FF90198006880ED000A0FE041F288717C
:10A93000C2F200010A680020106040F2D010C2F29A
:10A940000000D0F8E80109684860FFE7FFE741F23E
:10A950008870C2F20000006890ED000A10B080BD5F
:10A960000000000000C8B94000000000000099404D
:10A97000000000000080664081B000900098002137
:10A98000016041608160C1600161017501B0704783
:10A9900082B001908DED000A009840F60431C2F2B9
:10A9A00000018860009840F68C31C2F20001886096
:10A9B00002B070470000000080B590B00F908DF895
:10A9C0003B1040F60030C2F200000078012840F051
:10A9D0006D81FFE79DF83B00002841D0FFE740F67E
:10A9E000FC40C2F20000B0F9320010F5C87F06DA70
:10A9F000FFE74FF67060CFF6FF700D9018E040F65D
:10AA0000FC40C2F20000B0F93200B0F5C87F04DDAE
:10AA1000FFE74FF4C8700C9007E040F6FC40C2F22C
:10AA20000000B0F932000C90FFE70C980D90FFE7A2
:10AA30000D98F5F7EFFD41EC100B9FEDDF1B53EC8C
:10AA4000112B51EC100BF5F740FD41EC100B51ECC4
:10AA5000100BF5F703FE00EE100A8DED0B0A1CE05B
:10AA600040F6FC40C2F20000B0F92800F5F7D2FD34
:10AA700041EC100B9FEDE01B53EC112B51EC100B34
:10AA8000F5F723FD41EC100B51EC100BF5F7E6FD4B
:10AA900000EE100A8DED0B0AFFE79DED0B0A41F267
:10AAA0005470C2F20000016881ED050A006890ED63
:10AAB000010A90ED051A30EE010A80ED010A40F21C
:10AAC000EC00C2F200008069F5F7B5FD41EC100B17
:10AAD0009FEDCB1B53EC112B51EC100BF5F77FFDC9
:10AAE000A8B9FFE741F25470C2F20000006890ED8F
:10AAF000050AB5EE400AF1EE10FA08DDFFE741F273
:10AB00005470C2F20000016888694860FFE740F2B3
:10AB1000EC00C2F200008069F5F78DFD41EC100BEE
:10AB20009FEDB91B53EC112B51EC100BF5F73CFDCD
:10AB3000A8B9FFE741F25470C2F20000006890ED3E
:10AB4000050AB5EE400AF1EE10FA08DAFFE741F225
:10AB50005470C2F20000016888694860FFE741F262
:10AB60005470C2F20000026851689161006890ED73
:10AB7000010A9FEDA71AB4EE410AF1EE10FA05DAC8
:10AB8000FFE79FEDA30A8DED0A0A22E041F254701F
:10AB9000C2F20000006890ED010A9FED9E1AB4EE2B
:10ABA000410AF1EE10FA05DDFFE79FED9A0A8DEDFF
:10ABB000090A09E041F25470C2F20000006890ED09
:10ABC000010A8DED090AFFE79DED090A8DED0A0ADC
:10ABD000FFE79DED0A0A41F25470C2F200000890AE
:10ABE000016881ED010A0168496840F60432C2F249
:10ABF00000029160006890ED010AD0ED050A40F274
:10AC0000D010C2F20000D0ED781A90ED7E2A40F606
:10AC1000DC30C2F2000007909FED7F1A02F004F8CA
:10AC2000079890ED0C0AFDF743F80898016881ED4C
:10AC3000000A006890ED000AB9EE001AB4EE410A6D
:10AC4000F1EE10FA05DAFFE7B9EE000A8DED060A1B
:10AC500022E041F25470C2F20000006890ED000A58
:10AC6000B1EE001AB4EE410AF1EE10FA05DDFFE78D
:10AC7000B1EE000A8DED050A09E041F25470C2F20E
:10AC80000000006890ED000A8DED050AFFE79DEDDC
:10AC9000050A8DED060AFFE79DED060A41F25470A4
:10ACA000C2F20000006880ED000A9AE040F6003031
:10ACB000C2F200000078022840F08280FFE741F2F3
:10ACC0005470C2F200000490006890ED010A40F652
:10ACD000C870C2F20000D0ED000A40F6C470C2F2A3
:10ACE000000090ED001A40F2D010C2F20000039074
:10ACF000D0ED781A90ED7E2A40F63440C2F2000082
:10AD0000029001F091FF029890ED0C0AFCF7D0FF41
:10AD1000039804990A6882ED000A096891ED010A16
:10AD2000D0ED780AFDF7B6FB0498B0EE401A016842
:10AD300091ED000A30EE010A81ED000A006890ED05
:10AD4000000AB9EE001AB4EE410AF1EE10FA05DA83
:10AD5000FFE7B9EE000A8DED010A22E041F25470DE
:10AD6000C2F20000006890ED000AB1EE001AB4EEE5
:10AD7000410AF1EE10FA05DDFFE7B1EE000A8DEDB4
:10AD8000000A09E041F25470C2F20000006890ED40
:10AD9000000A8DED000AFFE79DED000A8DED010A26
:10ADA000FFE79DED010A41F25470C2F20000006815
:10ADB00080ED000A14E000BF0000000000408F405A
:10ADC00041F25471C2F200010A680020106040F2A2
:10ADD000D010C2F20000D0F8E00109684860FFE737
:10ADE000FFE741F25470C2F20000006890ED000AE3
:10ADF00010B080BD00BF00BF0000000000C8A94027
:10AE0000A4703D8AF4DBD33FD7A3701D97FFF13FB9
:10AE1000666676C1333303420000000081B00090C3
:10AE200000980021016041608160C1600161416161
:10AE3000816101B07047000080B59EB01D908DED1E
:10AE40001C0ACDED1B0A8DED1A1ACDED191A8DEDE8
:10AE5000182ACDED172A1D98009041F26F21C3F6F4
:10AE600003211691D0F81C120F91D0F820120E91E8
:10AE7000D0F824120D91D0F828020C909DED0F0A05
:10AE800020EE000A8DED0B0A9DED0F0A9DED0E1AC6
:10AE900020EE010A8DED0A0A9DED0F0A9DED0D1AB7
:10AEA00020EE010A8DED090A9DED0F0A9DED0C1AA9
:10AEB00020EE010A8DED080A9DED0E0A20EE000A33
:10AEC0008DED070A9DED0E0A9DED0D1A20EE010A8B
:10AED0008DED060A9DED0E0A9DED0C1A20EE010A7D
:10AEE0008DED050A9DED0D0A20EE000A8DED040A98
:10AEF0009DED0D0A9DED0C1A20EE010A8DED030A61
:10AF00009DED0C0A20EE000A8DED020A9DED190A56
:10AF10009DED181A21EE011A20EE000A30EE011AFA
:10AF20009DED170A20EE000A30EE010AFCF7F2FF51
:10AF30008DED010A9DED190A9DED011A20EE010A21
:10AF40008DED190A9DED180A9DED011A20EE010AFA
:10AF50008DED180A9DED170A9DED011A20EE010AEC
:10AF60008DED170A9DED050A9DED091A30EE410A97
:10AF700030EE000A8DED150A9DED0A0A9DED031ACB
:10AF800030EE010A30EE000A8DED140A9DED0B0A39
:10AF90009DED071A30EE410A9DED041A30EE410A8C
:10AFA0009DED021A30EE010A8DED130A9DED180A8F
:10AFB0009DED132A9DED171A9DED143A21EE031A0B
:10AFC00020EE020A30EE410A8DED120A9DED170ABD
:10AFD0009DED152A9DED191A9DED133A21EE031AE8
:10AFE00020EE020A30EE410A8DED110A9DED190A9C
:10AFF0009DED142A9DED181A9DED153A21EE031AC8
:10B0000020EE020A30EE410A8DED100A9DED120A83
:10B0100040F2444CC2F2000C9CED001A9FED922AC3
:10B0200020EE020A30EE010A8CED000A9DED110AB5
:10B0300040F24843C2F2000393ED001A20EE020AE8
:10B0400030EE010A83ED000A9DED100A40F24C40FB
:10B05000C2F2000090ED001A20EE020A30EE010A62
:10B0600080ED000A9DED1C1A40F21402C2F20002AB
:10B0700092ED000A9DED122A20EE020A30EE011A2E
:10B0800041F25071C2F2000191ED000A9CED002ADC
:10B0900020EE020A30EE010A8DED1C0A9DED1B1A0E
:10B0A00092ED000A9DED112A20EE020A30EE011AFF
:10B0B00091ED000A93ED002A20EE020A30EE010A1B
:10B0C0008DED1B0A9DED1A1A92ED000A9DED102AD6
:10B0D00020EE020A30EE011A91ED000A90ED002AEE
:10B0E00020EE020A30EE010A8DED1A0A9DED0F0ADC
:10B0F0009DED0E1A9DED1C3A9DED0D2A9DED1B4A0E
:10B1000022EE042A21EE431A31EE421A9DED0C2A5A
:10B110009DED1A3A22EE032A31EE421A9DED162ACF
:10B1200021EE021A30EE010A8DED0F0A9DED0E0A96
:10B130009DED0F1A9DED1C3A9DED0D2A9DED1A4ACD
:10B1400022EE042A21EE031A31EE021A9DED0C2A9A
:10B150009DED1B3A22EE032A31EE421A9DED162A8E
:10B1600021EE021A30EE010A8DED0E0A9DED0D0A58
:10B170009DED0F1A9DED1B3A9DED0E2A9DED1A4A8D
:10B1800022EE042A21EE031A31EE422A9DED0C1A1A
:10B190009DED1C3A21EE031A31EE021A9DED162A9E
:10B1A00021EE021A30EE010A8DED0D0A9DED0C0A1A
:10B1B0009DED0F1A9DED1A3A9DED0E2A9DED1B4A4D
:10B1C00022EE042A21EE031A31EE021A9DED0D2A19
:10B1D0009DED1C3A22EE032A31EE421A9DED162A0D
:10B1E00021EE021A30EE010A8DED0C0A9DED0F0AD8
:10B1F0009DED0E1A21EE011A20EE000A30EE011A22
:10B200009DED0D0A20EE000A30EE011A9DED0C0AAC
:10B2100020EE000A30EE010AFCF77CFE00988DED6E
:10B22000010A9DED0F0A9DED011A20EE010A80ED45
:10B23000870A9DED0E0A9DED011A20EE010A80EDB0
:10B24000880A9DED0D0A9DED011A20EE010A80EDA0
:10B25000890A9DED0C0A9DED011A20EE010A80ED90
:10B260008A0A1EB080BD00BF6F12833A80B586B0D7
:10B2700005900598049090ED6F0A90ED721A30EEEB
:10B28000410A9FED851A80EE010A80ED7B0A90ED60
:10B29000710A90ED742A30EE420A80EE010A80EDC8
:10B2A0007D0A90ED700A90ED732A30EE420A80EE2E
:10B2B000010A80ED7C0A90ED7B0A90ED941A30EE45
:10B2C000410AFCF71DFEB1EE0C1AB4EE410AF1EE94
:10B2D00010FA15DDFFE7049890ED980AB0EE001A19
:10B2E000B4EE410AF1EE10FA0ADAFFE7049890EDA5
:10B2F000980AB7EE001A30EE010A80ED980A29E0AC
:10B30000049890ED7B0AFCF7FBFD04988DED030A91
:10B3100090ED900AFCF7F4FDB0EE401A9DED030AA3
:10B32000B4EE410AF1EE10FA05DAFFE704990020C5
:10B33000C1F8F80105E00499D1F8EC01C1F8F80171
:10B34000FFE70499D1F8EC01C1F850020020C1F8E0
:10B350006002FFE7049890ED7D0A90ED951A30EEBB
:10B36000410AFCF7CDFDB1EE0C1AB4EE410AF1EE44
:10B3700010FA15DDFFE7049890ED990AB0EE001A77
:10B38000B4EE410AF1EE10FA0ADAFFE7049890ED04
:10B39000990AB7EE001A30EE010A80ED990A29E009
:10B3A000049890ED7D0AFCF7ABFD04988DED020A40
:10B3B00090ED900AFCF7A4FDB0EE401A9DED020A54
:10B3C000B4EE410AF1EE10FA05DAFFE70499002025
:10B3D000C1F8000205E00499D1F8F401C1F80002B7
:10B3E000FFE70499D1F8F401C1F854020020C1F834
:10B3F0006402FFE7049890ED7C0A90ED961A30EE17
:10B40000410AFCF77DFDB1EE0C1AB4EE410AF1EEF3
:10B4100010FA15DDFFE7049890ED9A0AB0EE001AD5
:10B42000B4EE410AF1EE10FA0ADAFFE7049890ED63
:10B430009A0AB7EE001A30EE010A80ED9A0A29E066
:10B44000049890ED7C0AFCF75BFD04988DED010AF1
:10B4500090ED900AFCF754FDB0EE401A9DED010A04
:10B46000B4EE410AF1EE10FA05DAFFE70499002084
:10B47000C1F8FC0105E00499D1F8F001C1F8FC0124
:10B48000FFE70499D1F8F001C1F858020020C1F893
:10B490006802FFE706B080BD6F12833A80B584B0C2
:10B4A00003900291ADF806200298BDF80610002224
:10B4B000F7F76AF804B080BD80B584B003900291BC
:10B4C000ADF806200298BDF806100122F7F75CF8E7
:10B4D00004B080BD10B596B015908DF853108DF85E
:10B4E0005220139315988168028A9DF853309DF875
:10B4F00052C00CF1010CEE4603ACCEF804405FFAEA
:10B500008CFCCEF800C000F01BF800208DF80B007A
:10B51000FFE79DF80B009DF8521088420EDAFFE716
:10B520009DF80B2003A81044407813998854FFE736
:10B530009DF80B0001308DF80B00EAE716B010BD46
:10B5400080B586B0844609980898CDF814C0049157
:10B55000ADF80E208DF80D308DF80C000598019097
:10B560009DF80D1041F080018DF80B100499BDF885
:10B570000E20FFF793FF019800680DF10B010122E7
:10B5800040F2E7330093F7F7F1FF009B0198006862
:10B5900009999DF80C20F7F7C1FE01980499BDF8B0
:10B5A0000E20FFF789FF06B080BD000010B586B001
:10B5B00005908DF813108DF8122003930598C1683B
:10B5C000428A9DF813309DF812C0039CEE46CEF8D7
:10B5D0000440CEF800C0FFF7B3FF06B010BD000076
:10B5E00080B588B084460A98CDF81CC00691ADF8A5
:10B5F00016208DF815308DF81400079803909DF8EB
:10B60000151001F07F018DF813100699BDF8162072
:10B61000FFF744FF039800680DF113010122019226
:10B6200040F2E7330293F7F7A1FF019A029B0398D8
:10B63000006805A9F7F79AFF03980699BDF8162048
:10B64000FFF73AFF08B080BD80B584B003908DF855
:10B650000B108DF80A2003988168028A9DF80B3040
:10B660009DF80AC0EE46CEF800C0FFF7B9FF04B05F
:10B6700080BD000080B58EB00D900D980390002124
:10B68000ADF8121012210622019205AB0293FFF7CA
:10B6900021FF019A029B03989DF814109DF815C094
:10B6A00041EA0C2109B200EE101AB8EEC00A80ED92
:10B6B000070A9DF816109DF817C041EA0C2109B23F
:10B6C00000EE101AB8EEC00A80ED080A9DF81810B6
:10B6D0009DF819C041EA0C2109B200EE101AB8EE2B
:10B6E000C00A80ED090A0221FFF760FF03989DF868
:10B6F00014109DF8152041EA022109B200EE101A3B
:10B70000B8EEC00A80ED130A9DF816109DF81720B8
:10B7100041EA022109B200EE101AB8EEC00A80ED2B
:10B72000140A9DF818109DF8192041EA022109B267
:10B7300000EE101AB8EEC00A80ED150A0EB080BDFA
:10B7400080B584B003908DF80B108DF80A20039813
:10B75000C168428A9DF80B309DF80AC0EE46CEF8CB
:10B7600000C0FFF73DFF04B080BD000080B586B08B
:10B7700005900598049000F03BFB0498D0ED371A33
:10B7800090ED382AD0ED392A90ED3A0AD0ED3B0AF7
:10B7900090ED3C1AFFF750FB0498D0F81C12C0F84B
:10B7A0000412D0F82012C0F80812D0F82412C0F801
:10B7B0000C12D0F82812C0F8101290ED811A90EDFA
:10B7C000820A90ED833A90ED842AB8EE004A8DED1E
:10B7D000004A20EE040A31EE011A21EE031A20EE8F
:10B7E000020A30EE010A01F0F1FA9DED001A049808
:10B7F0009FED3B2A8DED022A20EE020A9FED392AA9
:10B800008DED032A80EE020A80ED6F0A90ED815AD9
:10B8100090ED823A90ED834A90ED840A34EE042A4A
:10B8200035EE055A25EE035A22EE000A30EE050ADF
:10B8300023EE011A22EE042A21EE031A31EE421AF7
:10B84000B7EE002A8DED012A71EE020A01F0D2FA5C
:10B850009DED001A9DED012A9DED024A9DED033AF2
:10B86000049820EE040A80EE030A80ED700A90ED41
:10B87000813A90ED820A90ED834A90ED845A30EE41
:10B88000000A33EE033A23EE053A20EE040A30EEC6
:10B89000030A24EE011A35EE053A23EE053A21EEAD
:10B8A000041A31EE431A71EE020A01F0A3FA9DED7B
:10B8B000022A9DED031A049920EE020A80EE010A85
:10B8C00081ED710AD1F8BC01C1F8D401D1F8C401ED
:10B8D000C1F8DC01D1F8C001C1F8D80106B080BDC3
:10B8E00000003443DB0F494082B001900198009082
:10B8F00090ED741A90ED770A30EE410A9FED511ADF
:10B90000B4EE410AF1EE10FA05DDFFE70099888AEE
:10B910000138888214E0009890ED741A90ED770A4F
:10B9200030EE410A9FED481AB4EE410AF1EE10FAEA
:10B9300005DAFFE70099888A01308882FFE7FFE790
:10B940000098B0F914104FF4B472514300EE101A7D
:10B95000B8EEC00A90ED771A30EE010A80ED7A0A4F
:10B9600090ED721A90ED750A30EE410A9FED351A8E
:10B97000B4EE410AF1EE10FA05DDFFE70099C88A3E
:10B980000138C88214E0009890ED721A90ED750AA3
:10B9900030EE410A9FED2C1AB4EE410AF1EE10FA96
:10B9A00005DAFFE70099C88A0130C882FFE7FFE7A0
:10B9B0000098B0F916104FF4B472514300EE101A0B
:10B9C000B8EEC00A90ED751A30EE010A80ED780AE3
:10B9D00090ED731A90ED760A30EE410A9FED191A38
:10B9E000B4EE410AF1EE10FA05DDFFE70099088B8D
:10B9F0000138088314E0009890ED731A90ED760AF0
:10BA000030EE410A9FED101AB4EE410AF1EE10FA41
:10BA100005DAFFE70099088B01300883FFE7FFE7AD
:10BA20000098B0F918104FF4B472514300EE101A98
:10BA3000B8EEC00A90ED761A30EE010A80ED790A70
:10BA400002B0704700003443000034C380B58CB0AE
:10BA50000B9040F29C40C2F20000099001680091F6
:10BA6000416804918068F4F7E6FD41EC100B53EC5B
:10BA7000102B10461946F4F70FFC0246009801926D
:10BA80000A46019942EC101B8DED020BF4F7D3FD31
:10BA90009DED020B41EC110B53EC112B51EC100BF3
:10BAA000F4F7A1FC0246049805920A46059942EC77
:10BAB000101B8DED060BF4F7BEFD9DED061B41EC52
:10BAC000100B51EC110B53EC102BF4F78CFC41ECE8
:10BAD000100B51EC100BF4F7C1FD014609980A91C7
:10BAE0009DED0A0AB7EE001A30EE011A80EE010A47
:10BAF00080ED030A0CB080BD80B592B01090109814
:10BB00000390012105918DF81F10002104918DF8FB
:10BB10001E107E21B622FFF797FD0598F6F736FB3B
:10BB200003980499059A08AB0693FFF7D3FC052008
:10BB3000F6F72CFB03980499059A069BFFF7CAFCBD
:10BB40009DF820001E2804D0FFE702208DF8470052
:10BB500015E103987C2100220292FFF775FD052074
:10BB6000F6F714FB03987D210422FFF76DFD0A20F0
:10BB70000190F6F70BFB019A03984021FFF764FD53
:10BB8000039890F82D224121FFF75EFD0220F6F781
:10BB9000FDFA03981421B622FFF7D2FD1E20F6F716
:10BBA000F5FA03980299012208ABFFF7FFFC9DF814
:10BBB00020000F2804D0FFE703208DF84700DEE0C7
:10BBC000039810210222FFF7BBFD039890F82C2266
:10BBD0000F21FFF7B5FD03983C210122FFF7B0FDCF
:10BBE000FFE79DF81F0028B3FFE703983C210122DF
:10BBF00008ABFFF7DBFC9DF820008007002804D588
:10BC0000FFE700208DF81F00FFE79DF81E000130C0
:10BC10008DF81E009DF81E00282807DBFFE703981B
:10BC200000F0D0F805208DF84700A8E00A20F6F7CC
:10BC3000ADFAD6E701200090F6F7A8FA0398009A2B
:10BC40003C2108ABFFF7B2FC9DF82000400700281C
:10BC500004D5FFE705208DF8470090E0039890F8A1
:10BC60002D0240B9FFE7039944F2E710C3F66B20B9
:10BC7000C1F834022CE0039890F82D02012808D175
:10BC8000FFE7039943F23330C3F6EB20C1F83402E7
:10BC90001DE0039890F82D02022808D1FFE70399D0
:10BCA00043F23330C3F66B30C1F834020EE0039830
:10BCB00090F82D02032808D1FFE7039943F23330AF
:10BCC000C3F6EB30C1F83402FFE7FFE7FFE7FFE719
:10BCD000039890F82C0240B9FFE7039941F26F20D6
:10BCE000C4F28310C1F830023BE0039890F82C02B4
:10BCF000012808D1FFE7039941F26F20C4F2032025
:10BD0000C1F830022CE0039890F82C02022808D1E8
:10BD1000FFE7039941F26F20C4F28320C1F830029B
:10BD20001DE0039890F82C02032808D1FFE703993F
:10BD300041F26F20C4F20330C1F830020EE00398E4
:10BD400090F82C02042808D1FFE7039941F26F20F4
:10BD5000C4F28330C1F83002FFE7FFE7FFE7FFE7F7
:10BD6000FFE7039800F02EF803984068F8F7FAF818
:10BD70000398FFF76BFE00208DF84700FFE79DF862
:10BD8000470012B080BD000080B582B001900198DC
:10BD90000090D0F8BC11C0F8C811D0F8C411C0F898
:10BDA000D011D0F8C011C0F8CC11FFF763FC009897
:10BDB000FFF7DCFC0098FFF797FD0098FFF756FAB5
:10BDC00002B080BD80B5B4B033903398009003A822
:10BDD0000190C0210291F4F73FFA00980199029A6C
:10BDE0001C30F4F720FA34B080BD000000000000E1
:10BDF00080B586B005900598039040F6F170C2F2C8
:10BE00000000007890B3FFE7039890ED070A90EDEB
:10BE1000451A30EE410A80ED480A90ED080A90ED8F
:10BE2000461A30EE410A80ED490A90ED090A90ED7C
:10BE3000471A30EE410A80ED4A0A90ED130A90ED60
:10BE40005D1A30EE410A80ED600A90ED140A90ED23
:10BE50005E1A30EE410A80ED610A90ED150A90ED10
:10BE60005F1A30EE410A80ED620A13E00399C86957
:10BE7000C1F82001086AC1F82401486AC1F8280104
:10BE8000C86CC1F88001086DC1F88401486DC1F823
:10BE90008801FFE70398B0F8500140F6B7318842B7
:10BEA00000F36281FFE70398B0F85001A0BBFFE701
:10BEB000039900200290C86108624862C86408655E
:10BEC0004865C1F84401C1F84801C1F84C01C1F806
:10BED000B001C1F8B401C1F8B8014FF04742C1F850
:10BEE000FC20C1F80021C1F804214FF60060C4F223
:10BEF000FF60C1F80801C1F80C01C1F81001C1F8D8
:10BF00005C21C1F86021C1F86421C1F86801C1F861
:10BF10006C01C1F87001FFE7039890ED070A90EDFE
:10BF20003F1AB4EE410AF1EE10FA05DDFFE703997E
:10BF3000C869C1F8FC00FFE7039890ED080A90ED8E
:10BF4000401AB4EE410AF1EE10FA05DDFFE703995D
:10BF5000086AC1F80001FFE7039890ED090A90ED27
:10BF6000411AB4EE410AF1EE10FA05DDFFE703993C
:10BF7000486AC1F80401FFE7039890ED070A90EDC5
:10BF8000421AB4EE410AF1EE10FA05DAFFE703991E
:10BF9000C869C1F80801FFE7039890ED080A90ED21
:10BFA000431AB4EE410AF1EE10FA05DAFFE70399FD
:10BFB000086AC1F80C01FFE7039890ED090A90EDBB
:10BFC000441AB4EE410AF1EE10FA05DAFFE70399DC
:10BFD000486AC1F81001FFE7039890ED130A90ED4D
:10BFE000571AB4EE410AF1EE10FA05DDFFE70399A6
:10BFF000C86CC1F85C01FFE7039890ED140A90ED5E
:10C00000581AB4EE410AF1EE10FA05DDFFE7039984
:10C01000086DC1F86001FFE7039890ED150A90EDF7
:10C02000591AB4EE410AF1EE10FA05DDFFE7039963
:10C03000486DC1F86401FFE7039890ED130A90ED95
:10C040005A1AB4EE410AF1EE10FA05DAFFE7039945
:10C05000C86CC1F86801FFE7039890ED140A90EDF1
:10C060005B1AB4EE410AF1EE10FA05DAFFE7039924
:10C07000086DC1F86C01FFE7039890ED150A90ED8B
:10C080005C1AB4EE410AF1EE10FA05DAFFE7039903
:10C09000486DC1F87001FFE7039890ED071A90ED25
:10C0A000510A30EE010A80ED510A90ED081A90ED28
:10C0B000520A30EE010A80ED520A90ED091A90ED15
:10C0C000530A30EE010A80ED530A90ED131A90EDF9
:10C0D0006C0A30EE010A80ED6C0A90ED141A90EDB6
:10C0E0006D0A30EE010A80ED6D0A90ED151A90EDA3
:10C0F0006E0A30EE010A80ED6E0AB0F8501101317F
:10C10000A0F8501190ED570A90ED5A1A30EE410AFE
:10C110009FED751AB4EE410AF1EE10FA1EDCFFE74E
:10C12000039890ED580A90ED5B1A30EE410A9FEDAE
:10C130006E1AB4EE410AF1EE10FA0FDCFFE7039835
:10C1400090ED590A90ED5C1A30EE410A9FED661AA7
:10C15000B4EE410AF1EE10FA05DDFFE70399002085
:10C16000A1F85001FFE74FE0039840F6F172C2F2E8
:10C1700000020121117090ED510AB0F8501101EE4A
:10C18000101AB8EEC11A80EE010A80ED450A90ED52
:10C19000520AB0F8501101EE101AB8EEC11A80EE32
:10C1A000010A80ED460A90ED530AB0F8501101EEF5
:10C1B000101AB8EEC11A80EE010A80ED470A90ED20
:10C1C0006C0AB0F8501101EE101AB8EEC11A80EEE8
:10C1D000010A80ED5D0A90ED6D0AB0F8501101EE94
:10C1E000101AB8EEC11A80EE010A80ED5E0A90EDD9
:10C1F0006E0AB0F8501101EE101AB8EEC11A80EEB6
:10C20000010A80ED5F0AFFE70398C069F4F713FAAB
:10C2100041EC100B51EC100B9FED310B53EC102B3C
:10C2200001930092F4F751F941EC100B51EC100B13
:10C23000F4F714FA01460398C0F8DC10006AF4F72A
:10C24000FAF9009A019B41EC100B51EC100BF4F73A
:10C250003CF941EC100B51EC100BF4F7FFF90146DF
:10C260000398C0F8E010406AF4F7E5F9009A019BE2
:10C2700041EC100B51EC100BF4F727F941EC100BCB
:10C2800051EC100BF4F7EAF901460398C0F8E410FA
:10C2900090ED600A9FED153A20EE030A9FED142AF7
:10C2A00080EE020A9FED131A80EE010A80ED3A0A31
:10C2B00090ED610A20EE030A80EE020A80EE010A88
:10C2C00080ED3B0A90ED620A20EE030A80EE020A3E
:10C2D00080EE010A80ED3C0A06B080BD00BF00BFC1
:10C2E000000000000000A04000009642DB0F494023
:10C2F000000034433333834170B588B09E46144602
:10C300000D460646119810990F9A0E9BDDF834C021
:10C31000DDF830C0079606950594CDF810E0ADF82D
:10C320000EC0ADF80C30ADF80A208DED010A8DF885
:10C3300003108DF802000798069901600599416085
:10C34000049981600D99C160BDF80E100182BDF89D
:10C350000C1041824FF07E51C0F81C120021C0F831
:10C360002012C0F82412C0F828129DF8032080F88B
:10C370002C229DF8022080F82D22C0F83812C0F837
:10C380003C12019AC0F84022BDF80A20A0F84622CB
:10C39000A0F84C1280F84E1280F84F1208B070BD11
:10C3A00080B590B009AA01920A460199009202460E
:10C3B00000980F92ADF83A0081ED040AC1ED030A2E
:10C3C00081ED021AC1ED011A81ED002A0F98039048
:10C3D00091ED040AD0ED120A90ED131A1020FBF72C
:10C3E00077FB019902460398ADF8222091ED030AEC
:10C3F000D0ED140A90ED151A0C200290FBF768FBA3
:10C40000019A039903460298ADF8203092ED020A92
:10C41000D1ED160A91ED171AFBF75AFB019A039911
:10C4200003460298ADF81E3092ED010AD1ED180ACC
:10C4300091ED191AFBF74CFB019A039903460298F8
:10C44000ADF81C3092ED000AD1ED1A0A91ED1B1ADD
:10C45000FBF73EFB01460398ADF81A109DF8231038
:10C460008DF812109DF822108DF81310BDF82010D1
:10C4700009098DF81410BDF820209DF81F1041EA1D
:10C4800002118DF815109DF81E108DF81610BDF8CC
:10C490001C1009098DF81710BDF81C209DF81B1001
:10C4A00041EA02118DF818109DF81A108DF8191034
:10C4B0004068BDF83A100DF1120200F0D7F90146BC
:10C4C000039880F8441090F8440028B1FFE70399DE
:10C4D000086C01300864FFE7039890F8440010B03E
:10C4E00080BD000080B586B00590ADF812100598AB
:10C4F0000190FF218DF80A108DF80B108DF80C10AB
:10C500008DF80D108DF80E108DF80F108DF810109D
:10C51000FC218DF811104068BDF812100DF10A02CF
:10C5200000F0A4F90146019880F8441090F8440006
:10C5300028B1FFE70199086C01300864FFE7019812
:10C5400090F8440006B080BD80B584B00290029996
:10C5500001914868C0690988884204D0FFE701203A
:10C560008DF80F005BE00199486890F8380000F002
:10C570000F000881486890F8380000094881486831
:10C58000B0F8390040BAC8604A6892F83B0092F8A7
:10C590003C20000140EA12100861486890F83C20F5
:10C5A00090F83D0002F00F0240EA02204861C8689E
:10C5B00091ED120AD1ED130A1021FBF7F1FA01995E
:10C5C00081ED060A086991ED140AD1ED150A0C21D6
:10C5D0000091FBF7E5FA0099019A82ED070A50698C
:10C5E00092ED1A0AD2ED1B0AFBF7DAFA019880EDF8
:10C5F000080A416891F83E1000EE101AB8EE400AA1
:10C6000080ED090A416891F83F1000EE101AB8EE6B
:10C61000400A80ED0A0A00208DF80F00FFE79DF820
:10C620000F0004B080BD000083B00290ADF806108A
:10C6300000920298BDF80610018000994160002127
:10C6400080F834100164032280F8442040F6DC7244
:10C65000CCF24902826440F6DC72C4F24902C26440
:10C660000022CCF2F01202650022C4F2F012426500
:10C6700081650022C4F2FA32C26501660021C4F26B
:10C68000A00141660021CCF2401181660021C4F274
:10C690004011C16603B0704782B0019001980090CC
:10C6A000007E38B9FFE7009901200876B1F908004B
:10C6B000C861FFE70099B1F90800C969401A4EF650
:10C6C0007741CFF6FF7188420ADCFFE700990869DD
:10C6D00041F6FF721044086148690130486114E076
:10C6E0000099B1F90800C969401A41F289318842BC
:10C6F0000ADBFFE70099086941F6FF72801A0861BA
:10C70000486901384861FFE7FFE700990869CA698D
:10C71000801A0861B1F90820086910440861B1F96C
:10C720000800C86102B0704780B584B002900299D9
:10C7300001914868C0690988884223D1FFE70198C0
:10C74000416891F8382091F8391041EA02210181BD
:10C75000416891F83A2091F83B1041EA0221418169
:10C76000416891F83C2091F83D1041EA0221818115
:10C77000416891F83E108173FFF78EFF00208DF81D
:10C780000F0003E001208DF80F00FFE79DF80F0078
:10C7900004B080BD83B00290ADF8061000920298FC
:10C7A000BDF8061001800099416003B07047000099
:10C7B00080B58EB00D90ADF83210ADF830200D98E8
:10C7C000019002A82821F3F747FD0198002180F885
:10C7D000501008224261BDF83220079208910122D0
:10C7E0000992029103910491059190F84800C007C5
:10C7F00018B9FFE70020069002E001200690FFE74D
:10C80000019801210A91BDF830100B91006802A92E
:10C81000F4F7A8FA18B1FFE7F4F780F9FFE70198F9
:10C820000068F5F70FF918B1FFE7F4F777F9FFE7BC
:10C83000019890F84800C00758B9FFE701980068D0
:10C840000221F4F7B9F918B1FFE7F4F767F9FFE748
:10C850000AE0019800681021F4F7AEF918B1FFE77B
:10C86000F4F75CF9FFE7FFE70EB080BD80B586B056
:10C870000590ADF81210039205980190BDF81220B2
:10C88000014641F8042F02910068F4F749FC019B2E
:10C89000029983F850001868039A4C33F4F7B6F9FC
:10C8A00006B080BD80B584B00290019102980090DE
:10C8B00090F84800C00760B9FFE700990B4653F8AD
:10C8C000380B01F11C020021F4F720FB8DF80F005A
:10C8D0000BE000990B4653F8380B01F11C020121C3
:10C8E000F4F714FB8DF80F00FFE79DF80F0004B07C
:10C8F00080BD000010B586B08C4686460998089920
:10C90000CDF814E0ADF812C0ADF81020ADF80E303F
:10C91000ADF80C10ADF80A0005989DF811108DF8CF
:10C9200002109DF810108DF803109DF80F108DF86F
:10C9300004109DF80E108DF805109DF80D108DF85F
:10C9400006109DF80C108DF807109DF80B108DF84F
:10C9500008109DF80A108DF80910BDF812100DF19D
:10C960000202FFF783FF06B010BD000083B0029003
:10C9700001918DF803200298019901609DF8031040
:10C9800001F0010180F8481003B0704780B588B00D
:10C9900007908DED060ACDED050A079804909DEDF0
:10C9A000060A9DED051A30EE410A80ED000A90ED71
:10C9B000000A00F015FA049890ED0A1AB4EE410A44
:10C9C000F1EE10FA04DAFFE7049900200860FFE7AF
:10C9D000049890ED000A00F003FA049890ED0B1A09
:10C9E000B4EE410AF1EE10FA3FDAFFE7049890ED59
:10C9F000001A90ED080A30EE010A80ED080A90ED69
:10CA0000051A90ED080AB1EE411AB4EE410AF1EEB2
:10CA100010FA08DAFFE7049890ED050AB1EE400A33
:10CA20008DED030A1BE0049890ED051A90ED080ABD
:10CA3000B4EE410AF1EE10FA06DDFFE7049890ED3E
:10CA4000050A8DED020A05E0049890ED080A8DEDC7
:10CA5000020AFFE79DED020A8DED030AFFE7049845
:10CA60009DED030A80ED080A03E004990020486365
:10CA7000FFE7049890ED001A90ED010A20EE010AFC
:10CA800080ED0C0A90ED020A90ED081A20EE010AE2
:10CA900080ED0D0A90ED0C0A90ED0D2A90ED0E1A26
:10CAA00030EE020A30EE010A80ED100A90ED071A0E
:10CAB00090ED100AB1EE411AB4EE410AF1EE10FA0F
:10CAC00008DAFFE7049890ED070AB1EE400A8DED11
:10CAD000010A1BE0049890ED071A90ED100AB4EEDD
:10CAE000410AF1EE10FA06DDFFE7049890ED070A1F
:10CAF0008DED000A05E0049890ED100A8DED000A16
:10CB0000FFE79DED000A8DED010AFFE704999DED19
:10CB1000010A81ED100A0868886608B080BD00002F
:10CB20008AB009908DED080ACDED070A8DED061A41
:10CB3000CDED051A8DED042ACDED032A8DED023AD7
:10CB4000CDED013A8DED004A0998089941600799A9
:10CB500081600699C1600599016104994161039959
:10CB600081610299C161019981620099C1620021CC
:10CB70008164C16401654165A0F85810A0F85A109D
:10CB8000A0F85C10A0F85E104FF07C5101660AB06E
:10CB90007047000080B584B002908DED010A0298C4
:10CBA00000909DED010A00F01BF9B7EE001AB4EEFB
:10CBB000410AF1EE10FA03DCFFE7019803900BE065
:10CBC00000989DED010A00F00BF800EE100AB8EE97
:10CBD000C00A8DED030AFFE79DED030A04B080BD96
:10CBE00083B001908DED000A9DED000AB5EE400A7C
:10CBF000F1EE10FA04DDFFE701208DF80B000FE0E5
:10CC00009DED000AB5EE400AF1EE10FA04D1FFE7FF
:10CC100000208DF80B0003E0FF208DF80B00FFE7EC
:10CC20009DF90B0003B0704780B58CB00B908DED73
:10CC30000A0ACDED090A8DED081ACDED071A8DED22
:10CC4000062A0B9804909DED070A9DED0A1A30EE16
:10CC5000410A80ED0E0A9DED060A9DED091A30EE9F
:10CC6000410A80ED140A90ED0E0A90ED151A9FED21
:10CC7000452A20EE020A30EE010A80ED150A90EDF9
:10CC8000001A90ED020A90ED0E3A90ED142A21EE72
:10CC9000031A31EE021A90ED152A20EE020A30EE48
:10CCA000010A80ED0D0A90ED003A90ED012A90ED19
:10CCB000021A90ED060A8DED050A9DED080A90ED29
:10CCC000144A23EE043A30EE430A90ED0E3A21EE78
:10CCD000031A30EE411A90ED0D0A22EE002A31EED1
:10CCE000421A8DED031A90ED091A8DED021AFFF725
:10CCF00051FF9DED022A9DED031A0498B0EE403AD3
:10CD00009DED050A22EE032A31EE421A20EE010AB9
:10CD100080ED0C0A90ED051A90ED0C0AB1EE411A67
:10CD2000B4EE410AF1EE10FA08DAFFE7049890ED4C
:10CD3000050AB1EE400A8DED010A1BE0049890ED62
:10CD4000051A90ED0C0AB4EE410AF1EE10FA06DD78
:10CD5000FFE7049890ED050A8DED000A05E00498C0
:10CD600090ED0C0A8DED000AFFE79DED000A8DEDB8
:10CD7000010AFFE704989DED010A80ED0C0A0CB052
:10CD800080BD00BF6F12833A88B007908DED060A10
:10CD9000CDED050A8DED041ACDED031A8DED022AB5
:10CDA000CDED012A8DED003A0798069901600599AD
:10CDB000416004998160039901610299416101997F
:10CDC00081610099416208B07047000080B582B06F
:10CDD0008DED010A9DED010A00F0E2FE02B080BD7A
:10CDE00081B08DED000A9DED000AB0EEC00A01B0E1
:10CDF0007047000080B582B08DED010ACDED000ACC
:10CE00009DED010ADDED000A00F060FF02B080BD7B
:10CE100081B08DED000A009820F000410020B1F1B2
:10CE2000FF4FC8BF012001B0704740F6E870C2F262
:10CE3000000000687047000010B50446012898BF44
:10CE4000012400BF204601F097F8002818BF10BD4C
:10CE5000FFF7EBFF08B18047F4E7002010BD0000AA
:10CE600081B08DF803009DF9030000280ED4FFE780
:10CE70009DF9031001F01F02012090404A094EF273
:10CE80000011CEF2000141F82200FFE701B0704727
:10CE90004EF60C50CEF200000068C0F3022070473E
:10CEA00082B08DF8070000919DF9070000280AD490
:10CEB000FFE7009800019DF907104EF20042CEF204
:10CEC000000288540BE0009800019DF8071001F063
:10CED0000F014EF61452CEF200028854FFE702B062
:10CEE0007047000083B00290029800F007000090A5
:10CEF0004EF60C51CEF200010868019001984FF6F1
:10CF0000FF02104001900198009A40EA022000229E
:10CF1000C0F2FA52104301900198086003B07047C4
:10CF200080B540F26C40C2F20000FCF767FE80BDA5
:10CF300080B540F27C40C2F20000FCF773FE80BD79
:10CF400080B540F28C40C2F20000FCF77FFE80BD4D
:10CF500080B540F29C40C2F20000FCF78BFE80BD21
:10CF600080B540F2AC40C2F20000FCF797FE80BDF5
:10CF700080B540F2BC40C2F20000FCF7A3FE80BDC9
:10CF800080B540F2CC40C2F20000FCF7AFFE80BD9D
:10CF900080B540F2DC40C2F20000FCF7BBFE80BD71
:10CFA00080B540F2EC40C2F20000FCF7C7FE80BD45
:10CFB00080B540F2FC40C2F20000FCF7D3FE80BD19
:10CFC00080B540F20C50C2F20000FCF7DFFE80BDDD
:10CFD00080B540F24000C2F2000041F20801C2F206
:10CFE00000010022FFF7C2FC80BD000080B540F6C2
:10CFF0008C00C2F200009FED0A0AB1EE043A9FEDE8
:10D00000094AF0EE440AB0EE441AF0EE431AB0EECC
:10D01000442AF0EE442AF0EE443AFFF781FD80BD49
:10D02000BC74933C0000000080B540F21C70C2F25A
:10D030000000B3EE040A9FED093A9FED094AF0EEB5
:10D04000440AB0EE441AF0EE431AB0EE442AF0EE71
:10D05000442AF0EE443AFFF763FD80BD00606A4663
:10D060000000000080B540F6BA40C2F20000002186
:10D07000FBF78CFB80BD000080B540F6C040C2F2DB
:10D080000000B3EE0E0ADFED030A9FED031AFBF773
:10D0900039FB80BD6F12833ADA0F494080B540F604
:10D0A000AD40C2F200000021FBF770FB80BD000024
:10D0B00080B541F6BC10C2F200009FED0A0AB1EE45
:10D0C000043A9FED094AF0EE440AB0EE441AF0EE3D
:10D0D000431AB0EE442AF0EE442AF0EE443AFFF749
:10D0E0001FFD80BDCDCCCC3C0000000080B540F6DB
:10D0F000DC40C2F20000B3EE0E0ADFED030A9FED42
:10D10000031AFBF7FFFA80BD6F12833ADA0F49402A
:10D1100080B540F6B640C2F200000021FBF736FBB6
:10D1200080BD000080B582B01820FFF785FE019019
:10D13000FDF722FC019841F28871C2F200010860FB
:10D1400002B080BD80B540F65870C2F20000B3EE68
:10D15000040ADFED030A9FED031AFBF7D3FA80BD43
:10D160006F12833ADA0F494080B582B02420FFF76E
:10D1700063FE0190FDF70CF8019841F24C71C2F288
:10D180000001086002B080BD80B540F66C30C2F28C
:10D190000000B3EE040ADFED030A9FED031AFBF76C
:10D1A000B1FA80BD6F12833ADA0F494080B582B080
:10D1B0007820FFF741FE0190FCF736F8019840F621
:10D1C000EC71C2F20001086002B080BD80B540F28F
:10D1D0005040C2F20000B3EE0E0ADFED030A9FEDED
:10D1E000031AFBF78FFA80BD6F12833ADA0F4940BA
:10D1F00080B540F65030C2F20000B2EE040ADFED16
:10D20000030A9FED031AFBF77DFA80BD6F12833A84
:10D21000DA0F494080B540F6FC40C2F2000041F20E
:10D220008061C2F2000141F26052C2F20002FCF7DA
:10D23000D5FC80BD80B540F6B240C2F200000021AE
:10D24000FBF7A4FA80BD000080B540F6B840C2F2FA
:10D2500000000021FBF79AFA80BD000080B540F67F
:10D26000B740C2F200000021FBF790FA80BD000039
:10D2700080B540F29400C2F2000041F23001C2F2E7
:10D2800000010122FFF772FB80BD000080B540F66F
:10D290001C00C2F20000B3EE040ADFED091AF2EE40
:10D2A000042A9FED083A9FED084AF0EE440AB0EEDA
:10D2B000621AB0EE442AF0EE443AFFF731FC80BD2A
:10D2C0000000AF430000C8430000000080B540F2FA
:10D2D000AC70C2F20000B3EE040A9FED093A9FED74
:10D2E000094AF0EE440AB0EE441AF0EE431AB0EEEA
:10D2F000442AF0EE442AF0EE443AFFF711FC80BDD8
:10D3000000606A460000000080B540F6C060C2F2CE
:10D3100000009FED090ADFED090A9FED091ADFED14
:10D32000091A9FED092ADFED092AF7EE003AB0EE5F
:10D33000633AFDF73DF980BD0000204200007042D5
:10D34000000000000AD7233C00803B466666663F2B
:10D3500080B540F6B140C2F200000021FBF716FA9A
:10D3600080BD000080B540F6B940C2F20000002147
:10D37000FBF70CFA80BD000080B540F6B040C2F269
:10D3800000000021FBF702FA80BD000080B540F6E6
:10D39000B340C2F200000021FBF7F8F980BD0000A5
:10D3A00080B540F6BC40C2F200000021FBF7EEF968
:10D3B00080BD000080B540F6BB40C2F200000021F5
:10D3C000FBF7E4F980BD000080B540F6B540C2F23D
:10D3D00000000021FBF7DAF980BD000080B540F6BF
:10D3E000B440C2F200000021FBF7D0F980BD00007C
:10D3F00080B540F6B460C2F200000021FBF74EFA9F
:10D4000080BD000080B540F6B660C2F20000002189
:10D41000FBF744FA80BD000080B540F6FC00C2F284
:10D42000000040F29402C2F200024FF40271FFF7D2
:10D43000B1F980BD80B540F69020C2F200009FEDAA
:10D440000A0ADFED0A0AF1EE041AB1EE083AF0EE2C
:10D45000083A9FED074AB0EE441AB0EE632AF0EEA8
:10D46000442AFFF75DFB80BDCDCCCC3CCDCCCC3D80
:10D470000000000080B540F28C60C2F20000B2EE05
:10D480000A0A9FED093A9FED094AF0EE440AB0EE10
:10D49000441AF0EE431AB0EE442AF0EE442AF0EEBD
:10D4A000443AFFF73DFB80BD00007A4600000000D3
:10D4B00080B540F67870C2F20000B3EE040ADFEDEA
:10D4C000080A9FED081ADFED081A9FED082ADFED24
:10D4D000082AF7EE003AB0EE633AFDF769F880BD2E
:10D4E00000007042000000006F12833A00803B464B
:10D4F0006666663F80B540F6B860C2F20000002163
:10D50000FBF7CCF980BD000080B540F6BA60C2F2EE
:10D5100000000021FBF7C2F980BD000080B540F299
:10D520008C70C2F2000040F24002C2F2000240F2EF
:10D530000121FFF72FF980BD80B540F62020C2F20F
:10D540000000F7EE000AB3EE041A9FED082AF3EE8E
:10D550000E2A9FED073AF1EE003A9FED064AB0EE33
:10D56000410AF0EE431AFFF7DBFA80BD0000C84223
:10D570000000C8430000000080B540F23C50C2F2F9
:10D5800000009FED0A0ADFED0A2A9FED0A3A9FED9F
:10D590000A4AF0EE440AB0EE441AF0EE431AB0EE36
:10D5A000442AF0EE443AFFF7BBFA80BDCDCCCC3E26
:10D5B00000401C4600007A460000000080B540F69E
:10D5C0000C70C2F20000B2EE0E0ADFED080A9FED09
:10D5D000081ADFED081A9FED082ADFED082AF7EE9A
:10D5E000003AB0EE633AFCF7E3FF80BD00008C42E6
:10D5F000000000006F12833A00007A466666663FBC
:10D6000080B540F2FC60C2F2000040F24002C2F27B
:10D61000000240F20221FFF7BDF880BD80B540F660
:10D620000430C2F200009FED090ADFED090A9FED08
:10D63000091ADFED091A9FED092ADFED092AF7EE35
:10D64000003AB0EE633AFCF7B3FF80BD000034420D
:10D6500000008C42000000006F12833A00606A46AE
:10D660006666663F80B540F21C60C2F20000B2EE12
:10D670000A0A9FED093A9FED094AF0EE440AB0EE1E
:10D68000441AF0EE431AB0EE442AF0EE442AF0EECB
:10D69000443AFFF745FA80BD00007A4600000000DA
:10D6A00080B541F28C70C2F20000B3EE040ADFEDE7
:10D6B000091AF2EE042A9FED083A9FED084AF0EEAF
:10D6C000440AB0EE441AB0EE442AF0EE443AFFF7B2
:10D6D00027FA80BD0000E1430000FA43000000008B
:10D6E00080B540F21C50C2F2000040F29402C2F237
:10D6F00000024FF40171FFF74DF880BD80B540F690
:10D700008C30C2F200009FED090ADFED090A9FED9F
:10D71000091ADFED091A9FED092AF7EE003AF0EE3B
:10D72000632AB0EE633AFCF743FF80BD000070420D
:10D730000000024300000000CDCCCC3D00007A4642
:10D7400080B540F2AC50C2F200009FED0A0A9FED96
:10D750000A3A9FED0A4AF0EE440AB0EE441AF0EE9F
:10D76000431AB0EE442AF0EE442AF0EE443AFFF7B2
:10D77000D7F980BD6666E63E00007A4600000000EC
:10D7800080B541F64C10C2F200009FED0A0AB2EEDD
:10D79000043A9FED094AF0EE440AB0EE441AF0EE66
:10D7A000431AB0EE442AF0EE442AF0EE443AFFF772
:10D7B000B7F980BD0AD7A33C0000000080B540F255
:10D7C000EC00C2F2000040F24002C2F2000211215D
:10D7D000FEF72AFF80BD000080B540F6DC30C2F2C3
:10D7E00000009FED080ADFED080A9FED081ADFED43
:10D7F000081A9FED082ADFED082AB7EE003AFFF776
:10D80000C3FA80BD0000204200008C429A99193E64
:10D810006F12833A00803B46CDCC4C3F80B540F63A
:10D82000AE40C2F200000021FAF7B0FF80BD000058
:10D8300080B541F66C00C2F20000B3EE0E0ADFEDD7
:10D84000091AF2EE042A9FED083A9FED084AF0EE1D
:10D85000440AB0EE621AB0EE442AF0EE443AFFF702
:10D860005FF980BD0000E1430000FA4300000000C2
:10D8700080B540F25C10C2F2000040F29402C2F2A5
:10D8800000021221FEF7D0FE80BD000080B540F6F8
:10D890003440C2F200009FED080ADFED080AB6EE40
:10D8A000001ADFED071A9FED072ADFED072AB7EE12
:10D8B000003AFFF769FA80BD00001842000070428C
:10D8C0006F12833A00803B46CDCC4C3F80B540F68A
:10D8D000AC40C2F200000021FAF758FF80BD000002
:10D8E00080B541F6DC00C2F200009FED0A0AB2EEFC
:10D8F000043A9FED094AF0EE440AB0EE441AF0EE05
:10D90000431AB0EE442AF0EE442AF0EE443AFFF710
:10D9100007F980BD295C0F3D0000000080B586B08E
:10D920006946032048610020086140F6B830C860AD
:10D930001020886040F60002C4F202024A600860CB
:10D9400040F2D010C2F2000041F25831C2F20001A0
:10D9500041F2D042C2F200020023C4F202039FED62
:10D96000030AFEF7C9FC06B080BD00BF9A99D93FF3
:10D9700080B582B01C20FFF75FFA0190FDF74EFAE8
:10D98000019841F25471C2F20001086002B080BDFA
:10D9900080B540F6AF40C2F200000021FAF7F6FE73
:10D9A00080BD000080B541F2FC70C2F20000B3EE11
:10D9B0000E0ADFED091A9FED093A9FED094AF0EED4
:10D9C000440AB0EE441AB0EE442AF0EE442AF0EED7
:10D9D000443AFFF7A5F880BD0000E1430000FA4398
:10D9E0000000000080B582B000200190F4F7F8FD3F
:10D9F000FAF700F9F7F76CFFF7F7FAFEF7F7A8FE6A
:10DA0000F7F7CEFEF8F70CF8F8F7B8F9F8F7D6F90B
:10DA1000F8F7F4F9F8F712FAF8F72AF8F8F7ACF88B
:10DA2000F8F7ECF8F8F718F9F8F744F9F8F786F989
:10DA3000F8F762F84FF4FA70F4F7A8FBF9F7A4FDD1
:10DA400040F6D471C2F200010870FFE740F20040D6
:10DA5000C4F2020020210122F4F796FDFAF788FAB9
:10DA600041F24C70C2F20000006840F6BC61C2F2A4
:10DA700000010978FCF79EF940F6EC70C2F2000054
:10DA80000068FAF715FFF9F71DFE41F28870C2F23F
:10DA90000000006890ED010AFCF7B0FD41F25470FF
:10DAA000C2F20000006890ED010AFCF771FFCDE7BB
:10DAB0000FB4084B10B504A902AA039800F04EFB5E
:10DAC000044602A9002000F0E0FE204610BC5DF8EC
:10DAD00014FB00008BE800084100080218BF042076
:10DAE0000A0E18BF40F001004FF07F4232EA0101F8
:10DAF00008BF40F00200012808BF05207047000061
:10DB00002DE9F0430B30DFF8889020F0070500275F
:10DB1000A1F1010C1F4C21E0061D724203680CEAC2
:10DB20000202934219D39E1AAE4216D34AB1861806
:10DB300050F8044F9B1AC6E9003440E90126044618
:10DB40003046AB4205D95B1B42194668C2E9003634
:10DB500000E04268226020C004E0041D2068002824
:10DB6000DAD13846002803D1D9F8000010B10020DE
:10DB7000BDE8F083074B08481860084B1B1A23F0D8
:10DB80000703C0E900370120C9F80000C0E7000022
:10DB90000800002004000020341A00203022002059
:10DBA00010B54FF00E402DED028BB0EE408A18EE0E
:10DBB000104A00EB4400B0F1506F4AD84FF0FC40DF
:10DBC000B0EB440F22D2B0EEC80AF7EE000A30EEF6
:10DBD000C00AF6EE000A60EE208A18EE900A00F005
:10DBE00059FE01EE100A14F0004F1DBFDFED2D0AA3
:10DBF0009FED2D0AB1EE411ADFED2C0A08BF9FED13
:10DC00002C0AF8EE001A21EE218A05E0DFED290A40
:10DC100068EE088AB0EE600A9FED271ADFED271A3A
:10DC200030EE080A48EE811A9FED251A08EEA11A77
:10DC3000DFED241A48EE811A9FED231A08EEA11A8F
:10DC400068EE281ABDEC028B01EE810A30EE200A44
:10DC500010BD4FF0E440B0EB440F0CD918EE100AA1
:10DC6000FFF73AFF042808BF00F098F9B0EE480A21
:10DC7000BDEC028B10BD4FF07F40B0EB440F07D2DC
:10DC8000B0EE480ABDEC028BBDE8104000F077B959
:10DC9000012000F09BF9BDEC028BBDE8104000F0C4
:10DCA00075B900000000C9BF22AAFDB90000C93F34
:10DCB00022AAFD390000000024FE1C3DC78AD83C82
:10DCC0001E67383D1B93993DAFAA2A3E70B54FF0B1
:10DCD00068422DED048BF0EE408A18EE900AB0EE0B
:10DCE000608A18EE101A02EB4003B3F1654F3CBF97
:10DCF00002EB4102B2F1654F7DD200BFC0F3C753C2
:10DD0000C1F3C7529A1A1B2A09DD10F0004F14BF45
:10DD10009FED830A9FED830ABDEC048B70BD12F169
:10DD20001A0F36DA11F0004F09D010F0004F0CBF77
:10DD30009FED7D0A9FED7D0ABDEC048B70BD88EEE2
:10DD4000889A19EE100AFFF7C7FE042808BF00F0F2
:10DD500025F918EE900AFFF7BFFE054618EE100AE7
:10DD6000FFF7BAFE044619EE100AFFF7B5FE042DC0
:10DD700018BF052D08D1042C18BF052C04D100288C
:10DD800004BF022000F022F9B0EE490ABDEC048B7A
:10DD900070BD4200B2EB410F3AD910F0004F19BFED
:10DDA000DFED630A9FED630ADFED630A9FED630A0F
:10DDB000B0EE481A0A46B1EE688A80F00041F0EEF3
:10DDC000418A10460A1A5200B2F1807F34D248408C
:10DDD00010F0004FDFED5A1A9FED5A2A1DBFBEEE1C
:10DDE000001A70EEE10A30EE420AB6EE001A08BFE1
:10DDF00070EEA10A00E040E008BF30EE020AB0EE8B
:10DE0000682A01EE482A08EE818AC2EE081A15E057
:10DE100011F0004F04BF9FED4C0AF0EE400AD1D044
:10DE200010F0004F19BFDFED490A9FED490ADFED01
:10DE3000490A9FED490AC5E7C8EE881A21EEA11AE2
:10DE40009FED462ADFED462A41EE022A9FED452A44
:10DE500001EE222ADFED442A41EE022A9FED432AF9
:10DE6000BDEC048B01EE222A21EE811A01EE020A9A
:10DE700030EE210A30EE200A70BD4FF07F42B2EB47
:10DE8000400F28BFB2EB410F09D2F0EE480AB0EEC6
:10DE9000680ABDEC048BBDE8704000F073B840EA3E
:10DEA00001035B0008BF41F0FF410BD0B2EB400F14
:10DEB00008BFB2EB410F08D120F0804008EE900A75
:10DEC00021F0804108EE101A18E7B2EB400F12BFA4
:10DED0005FEA410340F0FF4001F000413FF40EAF24
:10DEE000B2EB410F12BF5FEA400200F0004041F088
:10DEF000FF413FF403AF4A0092EA40033FF5FEAE14
:10DF0000002AACBF9FED1A0A9FED1A0A68EE808ABC
:10DF100028EE008A18EE900A18EE101AEEE60000BD
:10DF2000DB0FC9BFDB0FC93FDB0F4940DB0F49C027
:10DF30000000C9BF22AAFDB90000C93F22AAFD39CD
:10DF40000060ED3EC30ACE3700000000000049C06B
:10DF500022AA7DBA0000494022AA7D3A2DAD65BDB6
:10DF60008FB8D53D0FB511BE61C84C3EA8AAAABE58
:10DF70000000804F0000802F0721FFF7C1BD30EE69
:10DF8000000A704730EE200A70470000DFED020AF9
:10DF900080EEA00A70470000000000009FED020A1A
:10DFA00020EE000A704700000000001002E008C8E0
:10DFB000121F08C1002AFAD170477047002001E003
:10DFC00001C1121F002AFBD17047000001490860FF
:10DFD00070470000000000202DE9FF5F82B00021A3
:10DFE000DDE90430020DDDF840B0034318D044F6FB
:10DFF0001050A2F2FF3242431514119801281FD08D
:10E00000A5EB0B00401C5FEA000A4FF000064E4FE4
:10E01000DFF83891B046504615D5CAF1000413E038
:10E02000119801244AA3012801D16FEA0B0102983B
:10E03000119AC0E90031C0E9024206B0BDE8F09F84
:10E04000CBF10000DFE704460021404A491842EBCB
:10E050000450CDE9001012E0E00707D032463B46FD
:10E0600040464946F2F7BFF98046894632463B466C
:10E0700010461946F2F7B7F906460F466410002C11
:10E08000EAD1DDE90401DDE90023BAF1000F06DA87
:10E09000F2F7A9F942464B46F2F7A5F905E0F2F787
:10E0A00014FA42464B46F2F710FA04460E46002296
:10E0B000284BF2F7E3FB03D84FF0FF30014607E0AF
:10E0C0000022254B20463146F2F7E6F8F2F7BDFB79
:10E0D000102409E0002C0ADB0A220023F2F772F870
:10E0E000039B30321A55641E50EA0102F2D1641CBF
:10E0F000039AC4F111031444119A012A03D0012296
:10E1000008430DD10AE0084304D000204FF0110B62
:10E11000119072E7A3EB0B056D1E0DE05B4504DD6E
:10E120004FF0000205F1010504E003DA4FF00002B0
:10E13000A5F10105002AECD002981199C0E902313D
:10E14000C0E9004579E70000000014400000F03FFE
:10E15000300000000000F0430000E03F2DE9FF4FD9
:10E1600095B09B468946064600250FE2252877D1C3
:10E1700000242746F84A0121059400E0044316F8DC
:10E18000013F203B01FA03F01042F7D130782A28F2
:10E1900011D06FF02F033078A0F13002092A16D881
:10E1A000059A44F0020402EB820203EB420210449F
:10E1B000761C0590EFE759F8042B0592002A03DA44
:10E1C000504244F40054059044F00204761C307828
:10E1D0002E2816D116F8010F44F004042A280DD079
:10E1E0006FF02F023078A0F13003092B09D807EB2C
:10E1F000870302EB4303C718761CF3E759F8047B47
:10E20000761C30786C280FD006DC4C2817D0682894
:10E210000DD06A2814D104E0742810D07A280FD1C8
:10E220000DE044F400140AE044F4801401E044F4E6
:10E2300040147278824202D104F58014761C761C58
:10E24000307866280BD013DC582877D009DC0028FA
:10E2500075D04528F6D04628F4D047281AD19DE13C
:10E2600018E0632835D0642879D0652812D195E16B
:10E27000702873D008DC6728F1D069286FD06E2829
:10E280000DD06F2806D1B5E073282CD0752875D035
:10E29000782874D05A46179990476D1C75E1C4F3DD
:10E2A0000250022809D003280DD0D9F80010042804
:10E2B0000DD00D6009F1040967E1D9F80010EA17E3
:10E2C000C1E90052F6E7D9F800100D80F2E70D70B1
:10E2D000F0E719F8041B8DF8001000208DF80100FC
:10E2E000EA46012003E059F804AB4FF0FF30610724
:10E2F0004FF0000102D40DE008F101018846B94257
:10E300000FDA8045F8DB1AF808100029F4D108E08C
:10E3100008F1010188468142FADB1AF80810002949
:10E32000F6D105985B46A0EB080721463846179AB8
:10E3300000F094FA284400EB080507E04DE029E1DD
:10E340000DE01AF8010B5A4617999047B8F10108E9
:10E35000F7D25B4621463846179A13E142E00A227B
:10E360000092C4F302524FF0000A022A08D059F872
:10E3700004CB032A4FEAEC710AD00DE029E02AE031
:10E3800009F1070121F00702F2E802C1914609E014
:10E390000FFA8CFC4FEAEC71042A03D14FFA8CFC83
:10E3A0004FEAEC71002907DA0A460021DCF1000C83
:10E3B00061EB02012D2202E0220504D52B228DF80B
:10E3C0000420012203E0E20701D02022F7E7904673
:10E3D00059E00A2102E010220DE010214FF0000A5E
:10E3E00000910BE010224FF0000A44F004040827CB
:10E3F000009203E008224FF0000A0092C4F3025298
:10E40000022A05D059F804CB0021032A08D009E0DC
:10E4100009F1070121F00702F2E802C1914605E087
:10E420001FFA8CFC042A01D10CF0FF0C4FF00008FD
:10E43000220728D5702806D0009B83F0100353EAEA
:10E440000A0305D00EE040228DF80420012208E0E6
:10E450005CEA010206D030228DF804208DF8050018
:10E4600002229046009B83F0080353EA0A030AD174
:10E470005CEA010201D1620705D530228DF8042043
:10E480004FF001087F1E582804D034A003900EA836
:10E4900002900DE036A0F9E753466046009AF1F786
:10E4A00091FE84460398825C0298401E029002709E
:10E4B0005CEA0100F0D1029806A9081A00F1200ACE
:10E4C000600702D524F4803400E00127574502DDBF
:10E4D000A7EB0A0000E0002000EB0A01009005987D
:10E4E0004144401A0590E00306D45B462146179A42
:10E4F000059800F0B3F90544002706E001A85A4644
:10E50000C05D179990476D1C7F1C4745F6DBE00303
:10E510000CD55B462146179A059800F09FF90544F3
:10E5200004E030205A46179990476D1C0099481E08
:10E5300000900029F5DC08E0029802995A4600781C
:10E54000491C0291179990476D1CBAF10001AAF17C
:10E55000010AF1DC65E100000928010030313233A5
:10E56000343536373839616263646566000000000F
:10E5700030313233343536373839414243444546F9
:10E580000000000000F058F90544761C307800289F
:10E590007FF4ECAD19B02846BDE8F08F620700D4D7
:10E5A000062709F1070222F0070CFCE80223E146E6
:10E5B00003F000485FEA080C02D00FF2702C0DE067
:10E5C0005FEA045C02D50FF2682C07E05FEAC47CC6
:10E5D00002D00FF2602C01E0AFF2700C4FF0FF3868
:10E5E00023F00043CDF850C065280CD006DC452848
:10E5F00009D046281DD047283DD13DE0662818D0D7
:10E6000067287ED138E00021112F01DB112000E0C6
:10E61000781CCDE9000106A90EA8FFF7DDFCDDE9B5
:10E620000F010E9A03910021009207F1010A049153
:10E630004DE04FF000400097CDE9011006A90EA86B
:10E64000FFF7CAFCDDE90F0203920E9B119900222D
:10E65000DDF80CA00093049211B9791C00EB010ABB
:10E66000B7EB0A0004D4C0F1FF3007F1010A0490AF
:10E67000AAEB0700019044E0012F00DA01270021F6
:10E68000112F01DD112000E03846CDE9000106A977
:10E690000EA8FFF7A1FCDDE90F010E9A03910021FE
:10E6A00004910092BA4621070CD40399514500DA2F
:10E6B0008A46BAF1010F05DD009AAAF10101515C09
:10E6C000302908D0B84202DA10F1040F06DA01212D
:10E6D000CDE9011015E0AAF10101E9E7002805DC08
:10E6E000049901440491AAEB000102E0411C514548
:10E6F00000DD8A460499401A401C01904FF000400A
:10E700000290200704D40198504501DBCDF8048025
:10E7100000208DF84F0002980DF14F07B0F1004F27
:10E7200025D02B200E9002984FF0020800280CDA1A
:10E73000404202902D200E9007E00A210298F1F746
:10E74000A9FF3031029007F8011DB8F10001A8F1CE
:10E750000108F2DC02980028EFD1791E0E980870AB
:10E76000307800F0200040F0450007F8020D12A8B4
:10E77000C01B00F107081498007800B1012000EBDD
:10E780000A01019801EBE07105984144401A401ECE
:10E790000590E00306D45B462146179A059800F0E1
:10E7A0005DF805441498007818B15A4617999047B7
:10E7B0006D1CE00324D55B462146179A059800F0AE
:10E7C0004DF805441CE00498002807DBDDE903014F
:10E7D000884203DD0098405C179901E017993020CA
:10E7E0005A469047049805F10105401C0490019891
:10E7F000401E019004D12E205A46179990476D1C57
:10E80000BAF10001AAF1010ADDDC05E017F8010BFD
:10E810005A46179990476D1CB8F10001A8F10108FC
:10E82000F4DC5B462146179A0598ABE62D00000004
:10E830002B000000200000002DE9F04104460025D7
:10E840001E461746880404D405E039462020B04708
:10E850006D1C641EF9D52846BDE8F0812DE9F04114
:10E86000044600251E469046C80301D5302700E027
:10E870002027880404D505E041463846B0476D1C82
:10E88000641EF9D52846BDE8F0810A68531C0B6068
:10E890001070704710B500EE100A2DED028BB1EE2E
:10E8A000C08A18EE100A20F00040C0F1FF40C00FEF
:10E8B0000AD010EE100A20F00040C0F1FF40C00F57
:10E8C00004BF0120FFF782FB18EE100ABDEC028B9B
:10E8D00010BD000000000000000001020304060754
:10E8E00008090000000001020304000610160006DB
:10E8F00010160000891112239B322446AD5736654D
:10E90000BF74488CC19D5AAFD3BE6CCAE5DB7EE9AB
:10E91000F7F88110080193331A22A5562C47B775D2
:10E920003E64C99C408DDBBF52AEEDDA64CBFFF98B
:10E9300076E802218B30100299132667AF763444B3
:10E94000BD554AADC3BC588ED19F6EEBE7FA7CC86B
:10E95000F5D983310A2091121803A7772E66B55492
:10E960003C45CBBD42ACD99E508FEFFB66EAFDD84B
:10E9700074C904428D5316619F702004A915322773
:10E98000BB364CCEC5DF5EEDD7FC6888E1997AAB2B
:10E99000F3BA85520C4397711E60A1142805B33752
:10E9A0003A26CDDE44CFDFFD56ECE9986089FBBB0B
:10E9B00072AA06638F7214409D512225AB34300633
:10E9C000B9174EEFC7FE5CCCD5DD6AA9E3B8788AEB
:10E9D000F19B87730E6295501C41A3352A24B11612
:10E9E0003807CFFF46EEDDDC54CDEBB962A8F99ACB
:10E9F000708B088481951AA793B62CC2A5D33EE1EB
:10EA0000B7F04008C919522BDB3A644EED5F766DC2
:10EA1000FF7C899400859BB712A6ADD224C3BFF1B9
:10EA200036E0C1184809D33B5A2AE55E6C4FF77DA2
:10EA30007E6C0AA583B4188691972EE3A7F23CC09A
:10EA4000B5D14229CB38500AD91B666FEF7E744C82
:10EA5000FD5D8BB502A499961087AFF326E2BDD079
:10EA600034C1C3394A28D11A580BE77F6E6EF55C62
:10EA70007C4D0CC685D71EE597F42880A1913AA35A
:10EA8000B3B2444ACD5B5669DF78600CE91D722F42
:10EA9000FB3E8DD604C79FF516E4A9902081BBB339
:10EAA00032A2C55A4C4BD7795E68E11C680DF33F22
:10EAB0007A2E0EE787F61CC495D52AA1A3B038821A
:10EAC000B193466BCF7A5448DD59622DEB3C700E02
:10EAD000F91F8FF706E69DD414C5ABB122A0B992F9
:10EAE0003083C77B4E6AD5585C49E33D6A2CF11EE2
:10EAF000780F444542555320496E6974204572721F
:10EB00006F720A00707574207468652055706461B6
:10EB100074652066756E6374696F6E20696E20453A
:10EB200058544920526973696E6720696E74657222
:10EB30007275707400707574207468652055706407
:10EB40006174652066756E6374696F6E20696E20EE
:10EB50003830306B487A20696E74657272757074E3
:10EB600000707574207468652073746174655F74D7
:10EB700069636B2066756E6374696F6E20696E20C1
:10EB80003530687A20696E746572727570740070C1
:10EB900075742074686520557064617465206675AD
:10EBA0006E6374696F6E20696E20343835687A2020
:10EBB000696E7465727275707400000008EC00086C
:10EBC0000000002020000000ACDF000828EC000856
:10EBD0002000002010420000BCDF00082189FFFF58
:10EBE000A189FFFF1189FFFF9588FFFF4588FFFF7F
:10EBF0007D88FFFF8188FFFF4188FFFF4588FFFF79
:10EC00008588FFFFBD88FFFF0000000000000000B6
:10EC100000000000040000000024F4007B142E3EDD
:08EC20000100000010000000DB
:040000050800018965
:00000001FF
